<RadiantDocument Name="RadiantSupplierCatalog"><CatalogReference Mode="Update"><SupplierReference SupplierName="FARISBEV-JOSEPH M FARIS DIST INC (OTHER)(PA) m o" SupplierIdentifierType="XRefID" SupplierIdentifier="FARISBEV" /><RetailerReference ClientName="Client" ClientIdentifierType="ClientID" ClientIdentifier="10000001" /></CatalogReference><SupplierItemList><SupplierItem Name="PABST 24z CN" ProductCode="022100000049" XRefID="154543" InventoryItemExternalID="154543" Status="Case" Description="401 06 003" SupplierItemGroupName="12" SupplierPackageUOM="" QuantityFactor="" AvailabilityStartDate="NaN-NaN-NaN"><BarcodeList><Barcode TypeCode="Master" Number="11.25" /></BarcodeList><CostList><Cost CostLevel="0" PackageCost="1900-01-01" Allowance="2075-12-31" /></CostList></SupplierItem><SupplierItem Name="PABST 12PK 12z CN" ProductCode="022100001701" XRefID="13504" InventoryItemExternalID="13504" Status="Case" Description="401 06 003" SupplierItemGroupName="24" SupplierPackageUOM="" QuantityFactor="" AvailabilityStartDate="NaN-NaN-NaN"><BarcodeList><Barcode TypeCode="Master" Number="14" /></BarcodeList><CostList><Cost CostLevel="0" PackageCost="1900-01-01" Allowance="2075-12-31" /></CostList></SupplierItem><SupplierItem Name="IRON CITY LT 12PK 12z CN" ProductCode="073832001521" XRefID="150496" InventoryItemExternalID="150496" Status="Case" Description="401 06 003" SupplierItemGroupName="24" SupplierPackageUOM="" QuantityFactor="" AvailabilityStartDate="NaN-NaN-NaN"><BarcodeList><Barcode TypeCode="Master" Number="15.95" /></BarcodeList><CostList><Cost CostLevel="0" PackageCost="2018-04-10" Allowance="2075-12-31" /></CostList></SupplierItem><SupplierItem Name="CANADA DRY GNGRL LMND 12PK 12z CN" ProductCode="078000030280" XRefID="1087986" InventoryItemExternalID="1087986" Status="Case" Description="901 01 000" SupplierItemGroupName="24" SupplierPackageUOM="" QuantityFactor="" AvailabilityStartDate="NaN-NaN-NaN"><BarcodeList><Barcode TypeCode="Master" Number="8.4" /></BarcodeList><CostList><Cost CostLevel="0" PackageCost="1900-01-01" Allowance="2075-12-31" /></CostList></SupplierItem><SupplierItem Name="VICTORY GOLDEN MONKEY 6PK 12z LN" ProductCode="630279752067" XRefID="1064331" InventoryItemExternalID="1064331" Status="Case" Description="401 06 004" SupplierItemGroupName="24" SupplierPackageUOM="" QuantityFactor="" AvailabilityStartDate="NaN-NaN-NaN"><BarcodeList><Barcode TypeCode="Master" Number="34" /></BarcodeList><CostList><Cost CostLevel="0" PackageCost="1900-01-01" Allowance="2075-12-31" /></CostList></SupplierItem><SupplierItem Name="DOGFISH HEAD 60 MIN IPA 6PK 12z LN" ProductCode="638489000299" XRefID="1064170" InventoryItemExternalID="1064170" Status="Case" Description="401 06 004" SupplierItemGroupName="24" SupplierPackageUOM="" QuantityFactor="" AvailabilityStartDate="NaN-NaN-NaN"><BarcodeList><Barcode TypeCode="Master" Number="30.5" /></BarcodeList><CostList><Cost CostLevel="0" PackageCost="2018-04-10" Allowance="2075-12-31" /></CostList></SupplierItem><SupplierItem Name="BELLS SSL ALE 6PK 12z LN" ProductCode="740522100160" XRefID="168829" InventoryItemExternalID="168829" Status="Case" Description="401 06 004" SupplierItemGroupName="24" SupplierPackageUOM="" QuantityFactor="" AvailabilityStartDate="NaN-NaN-NaN"><BarcodeList><Barcode TypeCode="Master" Number="28.5" /></BarcodeList><CostList><Cost CostLevel="0" PackageCost="2018-04-10" Allowance="2075-12-31" /></CostList></SupplierItem><SupplierItem Name="BELLS BEST TWO HEARTED ALE 6PK 12z LN" ProductCode="740522100832" XRefID="1064600" InventoryItemExternalID="1064600" Status="Case" Description="401 06 004" SupplierItemGroupName="24" SupplierPackageUOM="" QuantityFactor="" AvailabilityStartDate="NaN-NaN-NaN"><BarcodeList><Barcode TypeCode="Master" Number="33" /></BarcodeList><CostList><Cost CostLevel="0" PackageCost="2018-04-10" Allowance="2075-12-31" /></CostList></SupplierItem><SupplierItem Name="BELLS SSL 4PK 16z CN" ProductCode="740522110633" XRefID="1056686" InventoryItemExternalID="1056688" Status="Case" Description="401 06 004" SupplierItemGroupName="24" SupplierPackageUOM="" QuantityFactor="" AvailabilityStartDate="NaN-NaN-NaN"><BarcodeList><Barcode TypeCode="Master" Number="30" /></BarcodeList><CostList><Cost CostLevel="0" PackageCost="2018-04-10" Allowance="2075-12-31" /></CostList></SupplierItem><SupplierItem Name="BELLS TWO HEARTED 4PK 16z CN" ProductCode="740522110831" XRefID="1056687" InventoryItemExternalID="1056689" Status="Case" Description="401 06 004" SupplierItemGroupName="24" SupplierPackageUOM="" QuantityFactor="" AvailabilityStartDate="NaN-NaN-NaN"><BarcodeList><Barcode TypeCode="Master" Number="33.75" /></BarcodeList><CostList><Cost CostLevel="0" PackageCost="2018-04-10" Allowance="2075-12-31" /></CostList></SupplierItem><SupplierItem Name="IRON CITY LT 24z CN" ProductCode="817611010072" XRefID="1086771" InventoryItemExternalID="1086771" Status="Case" Description="401 06 003" SupplierItemGroupName="12" SupplierPackageUOM="" QuantityFactor="" AvailabilityStartDate="NaN-NaN-NaN"><BarcodeList><Barcode TypeCode="Master" Number="14" /></BarcodeList><CostList><Cost CostLevel="0" PackageCost="2018-04-10" Allowance="2075-12-31" /></CostList></SupplierItem><SupplierItem Name="IRON CITY 24z CN" ProductCode="817611010645" XRefID="1086770" InventoryItemExternalID="1086770" Status="Case" Description="401 06 003" SupplierItemGroupName="12" SupplierPackageUOM="" QuantityFactor="" AvailabilityStartDate="NaN-NaN-NaN"><BarcodeList><Barcode TypeCode="Master" Number="14" /></BarcodeList><CostList><Cost CostLevel="0" PackageCost="2018-04-10" Allowance="2075-12-31" /></CostList></SupplierItem></SupplierItemList></RadiantDocument>
