<?xml version="1.0"?>
<EnterpriseDocument InterfaceName="ManageSpecialsImport" Version="1.0.0" CreationTimestamp="2013-11-23T15:44:07" CreationSource="string">
  <RetailerReference ClientName="string" ClientIdentifierType="ClientID" ClientIdentifier="string"/>
  <!--Optional:-->
  <SpecialList>
    <!--1 or more repetitions:-->
    <Special specialName="string" specialXRefID="string" specialReceiptText="string" priorityRanking="3" requiresLoyalty="y" startDate="2018-11-01+01:00" endDate="2013-05-22+02:00" status="Active">
      <QualifierList>
        <!--1 or more repetitions:-->
        <Qualifier retailItemGroupName="string" minimumIdentifier="Quantity" minimumValue="1000.000000000000" discountType="Price Discount" discountValue="1000.00" taxReduced="n">
          <!--You have a CHOICE of the next 2 items at this level-->
          <!--Zero or more repetitions:-->
          <RetailModifiedItemList>
            <!--1 or more repetitions:-->
            <RetailModifiedItem itemExternalID="string" retailItemPackExternalID="string"/>
          </RetailModifiedItemList>
          <!--Zero or more repetitions:-->
          <RetailItemGroupList>
            <!--1 or more repetitions:-->
            <RetailItemGroup retailItemGroupName="string"/>
          </RetailItemGroupList>
        </Qualifier>
      </QualifierList>
    </Special>
  </SpecialList>
  <!--Optional:-->
  <SpecialAssignmentList>
    <!--1 or more repetitions:-->
    <SpecialAssignment specialIdentifier="string">
      <BusinessUnitList>
        <!--1 or more repetitions:-->
        <BusinessUnit businessUnitIdentifier="string" assign="n"/>
      </BusinessUnitList>
    </SpecialAssignment>
  </SpecialAssignmentList>
</EnterpriseDocument>