<?xml version="1.0" encoding="utf-8"?>
<EnterpriseDocument xmlns:xsi="http://www.w3.org/2001/XMLSchema-instance">
  <AccountList>
    <Account AccountType="1" AccountNumber="1000000" AccountName="Bank Accounts" ActiveFlag="y" />
    <Account AccountType="1" AccountNumber="1051030" AccountName="Change Fund" ActiveFlag="y" />
    <Account AccountType="1" AccountNumber="1153010" AccountName="Fuel Inventory" ActiveFlag="y" />
    <Account AccountType="1" AccountNumber="1153020" AccountName="Inventory-Prepaid Excise Tax" ActiveFlag="y" />
    <Account AccountType="1" AccountNumber="1154010" AccountName="Merchandise Inventory" ActiveFlag="y" />
    <Account AccountType="1" AccountNumber="1154050" AccountName="Inventory In Transit" ActiveFlag="y" />
    <Account AccountType="1" AccountNumber="1181110" AccountName="Prepaid Sales &amp; Use Tax" ActiveFlag="y" />
    <Account AccountType="1" AccountNumber="1287040" AccountName="Other Long Term 1s" ActiveFlag="y" />
    <Account AccountType="1" AccountNumber="1288010" AccountName="General Suspense" ActiveFlag="y" />
    <Account AccountType="1" AccountNumber="1288030" AccountName="ARIES Suspense" ActiveFlag="y" />
    <Account AccountType="1" AccountNumber="1288065" AccountName="Sales Clearing Suspense" ActiveFlag="y" />
    <Account AccountType="5" AccountNumber="5001010" AccountName="Finished Product COS" ActiveFlag="y" />
    <Account AccountType="5" AccountNumber="5001030" AccountName="COS - Bankcard Fees" ActiveFlag="y" />
    <Account AccountType="5" AccountNumber="5001040" AccountName="Fuel Gain-Loss" ActiveFlag="y" />
    <Account AccountType="5" AccountNumber="5101250" AccountName="Rental 5" ActiveFlag="y" />
    <Account AccountType="5" AccountNumber="5105010" AccountName="OPEX-Materials and Supplies" ActiveFlag="y" />
    <Account AccountType="5" AccountNumber="5202025" AccountName="Bus Exp - Other Travel" ActiveFlag="y" />
    <Account AccountType="5" AccountNumber="5302210" AccountName="Casualty &amp; Losses 5" ActiveFlag="y" />
    <Account AccountType="5" AccountNumber="5302230" AccountName="Govt Registration and Filing Fees" ActiveFlag="y" />
    <Account AccountType="5" AccountNumber="5302240" AccountName="Cust Satisfaction/Comp 5" ActiveFlag="y" />
    <Account AccountType="5" AccountNumber="5302260" AccountName="Misc 5" ActiveFlag="y" />
    <Account AccountType="5" AccountNumber="5304050" AccountName="Office Supplies 5" ActiveFlag="y" />
    <Account AccountType="5" AccountNumber="5304060" AccountName="Communications 5" ActiveFlag="y" />
    <Account AccountType="5" AccountNumber="5305000" AccountName="Bank Card Processing Fees" ActiveFlag="y" />
    <Account AccountType="5" AccountNumber="5401010" AccountName="Contract Services - General" ActiveFlag="y" />
    <Account AccountType="5" AccountNumber="5902305" AccountName="Bank Fee" ActiveFlag="y" />
    <Account AccountType="5" AccountNumber="6000020" AccountName="Excise Tax 5 b Gross Up" ActiveFlag="y" />
    <Account AccountType="5" AccountNumber="6500010" AccountName="Sales &amp; Use Tax 5" ActiveFlag="y" />
    <Account AccountType="2" AccountNumber="2101030" AccountName="AP Other Clearing" ActiveFlag="y" />
    <Account AccountType="2" AccountNumber="2101035" AccountName="AP Product Clearing" ActiveFlag="y" />
    <Account AccountType="2" AccountNumber="2101110" AccountName="Accts Pay-Consignment with Suppliers" ActiveFlag="y" />
    <Account AccountType="2" AccountNumber="2101120" AccountName="Lottery Sales Payable" ActiveFlag="y" />
    <Account AccountType="2" AccountNumber="2101125" AccountName="Lottery Sales Payable Contra" ActiveFlag="y" />
    <Account AccountType="2" AccountNumber="2101130" AccountName="Money Order Payable" ActiveFlag="y" />
    <Account AccountType="2" AccountNumber="2101155" AccountName="AP Netspend Prepaid Card" ActiveFlag="y" />
    <Account AccountType="2" AccountNumber="2101160" AccountName="AP InComm Visa Card" ActiveFlag="y" />
    <Account AccountType="2" AccountNumber="2101165" AccountName="AP InComm Prepaid Card" ActiveFlag="y" />
    <Account AccountType="2" AccountNumber="2101520" AccountName="Accts Pay-Intercompany-Non Subledger" ActiveFlag="y" />
    <Account AccountType="2" AccountNumber="2131020" AccountName="Federal Excise Tax 2-GAS" ActiveFlag="y" />
    <Account AccountType="2" AccountNumber="2131030" AccountName="Federal Excise Tax 2-DSL" ActiveFlag="y" />
    <Account AccountType="2" AccountNumber="2131220" AccountName="State Excise Tax 2-FL" ActiveFlag="y" />
    <Account AccountType="2" AccountNumber="2131230" AccountName="State Excise Tax 2-GA" ActiveFlag="y" />
    <Account AccountType="2" AccountNumber="2131250" AccountName="State Excise Tax 2-IL" ActiveFlag="y" />
    <Account AccountType="2" AccountNumber="2131260" AccountName="State Excise Tax 2-IN" ActiveFlag="y" />
    <Account AccountType="2" AccountNumber="2131280" AccountName="State Excise Tax 2-KY" ActiveFlag="y" />
    <Account AccountType="2" AccountNumber="2131310" AccountName="State Excise Tax 2-MI" ActiveFlag="y" />
    <Account AccountType="2" AccountNumber="2131350" AccountName="State Excise Tax 2-NC" ActiveFlag="y" />
    <Account AccountType="2" AccountNumber="2131380" AccountName="State Excise Tax 2-NJ" ActiveFlag="y" />
    <Account AccountType="2" AccountNumber="2131390" AccountName="State Excise Tax 2-NY" ActiveFlag="y" />
    <Account AccountType="2" AccountNumber="2131400" AccountName="State Excise Tax 2-OH" ActiveFlag="y" />
    <Account AccountType="2" AccountNumber="2131420" AccountName="State Excise Tax 2-PA" ActiveFlag="y" />
    <Account AccountType="2" AccountNumber="2131430" AccountName="State Excise Tax 2-SC" ActiveFlag="y" />
    <Account AccountType="2" AccountNumber="2131450" AccountName="State Excise Tax 2-TN" ActiveFlag="y" />
    <Account AccountType="2" AccountNumber="2131470" AccountName="State Excise Tax 2-VA" ActiveFlag="y" />
    <Account AccountType="2" AccountNumber="2131490" AccountName="State Excise Tax 2-WI" ActiveFlag="y" />
    <Account AccountType="2" AccountNumber="2131500" AccountName="State Excise Tax 2-WV" ActiveFlag="y" />
    <Account AccountType="2" AccountNumber="2131510" AccountName="State Excise Tax 2-CT" ActiveFlag="y" />
    <Account AccountType="2" AccountNumber="2131520" AccountName="State Excise Tax 2-DE" ActiveFlag="y" />
    <Account AccountType="2" AccountNumber="2131540" AccountName="State Excise Tax 2-MA" ActiveFlag="y" />
    <Account AccountType="2" AccountNumber="2131550" AccountName="State Excise Tax 2-NH" ActiveFlag="y" />
    <Account AccountType="2" AccountNumber="2131560" AccountName="State Excise Tax 2-RI" ActiveFlag="y" />
    <Account AccountType="2" AccountNumber="2131600" AccountName="Local Excise Tax 2-AL" ActiveFlag="y" />
    <Account AccountType="2" AccountNumber="2131610" AccountName="Local Excise Tax 2-FL" ActiveFlag="y" />
    <Account AccountType="2" AccountNumber="2131620" AccountName="Local Excise Tax 2-IL" ActiveFlag="y" />
    <Account AccountType="2" AccountNumber="2131710" AccountName="Accrued Sales &amp; Use Tax Non-Subledger" ActiveFlag="y" />
    <Account AccountType="2" AccountNumber="2131800" AccountName="Collected Sales Tax" ActiveFlag="y" />
    <Account AccountType="2" AccountNumber="2182230" AccountName="Prepaid Card 2 - Speedway" ActiveFlag="y" />
    <Account AccountType="1" AccountNumber="1101025" AccountName="Accts Rec - Revenue Accruals" ActiveFlag="y" />
    <Account AccountType="1" AccountNumber="1101031" AccountName="Accts 1 Vendors" ActiveFlag="y" />
    <Account AccountType="1" AccountNumber="1101035" AccountName="AR Speedway Credit Card" ActiveFlag="y" />
    <Account AccountType="1" AccountNumber="1101040" AccountName="AR American Express Card" ActiveFlag="y" />
    <Account AccountType="1" AccountNumber="1101045" AccountName="AR Discover Card" ActiveFlag="y" />
    <Account AccountType="1" AccountNumber="1101050" AccountName="AR MasterCard/Visa Card" ActiveFlag="y" />
    <Account AccountType="1" AccountNumber="1101055" AccountName="AR Voyager Card" ActiveFlag="y" />
    <Account AccountType="1" AccountNumber="1101060" AccountName="Accounts Rec - Misc" ActiveFlag="y" />
    <Account AccountType="1" AccountNumber="1101065" AccountName="AR Wright Express Card" ActiveFlag="y" />
    <Account AccountType="1" AccountNumber="1101066" AccountName="AR Fuelman Card" ActiveFlag="y" />
    <Account AccountType="1" AccountNumber="1101070" AccountName="AR Debit Card" ActiveFlag="y" />
    <Account AccountType="1" AccountNumber="1101071" AccountName="A/R Transfunds" ActiveFlag="y" />
    <Account AccountType="1" AccountNumber="1101072" AccountName="AR Superfleet Card" ActiveFlag="y" />
    <Account AccountType="1" AccountNumber="1101076" AccountName="AR MultiServ Card" ActiveFlag="y" />
    <Account AccountType="1" AccountNumber="1101077" AccountName="AR EFS Card" ActiveFlag="y" />
    <Account AccountType="1" AccountNumber="1101078" AccountName="AR T-Chek Card" ActiveFlag="y" />
    <Account AccountType="1" AccountNumber="1101079" AccountName="AR TCH Card" ActiveFlag="y" />
    <Account AccountType="1" AccountNumber="1101080" AccountName="AR Direct Bill" ActiveFlag="y" />
    <Account AccountType="1" AccountNumber="1101081" AccountName="AR Comdata Funded" ActiveFlag="y" />
    <Account AccountType="1" AccountNumber="1101082" AccountName="Comchek Credit Card" ActiveFlag="y" />
    <Account AccountType="1" AccountNumber="1101083" AccountName="Electronic Benefits Card (EBT)" ActiveFlag="y" />
    <Account AccountType="1" AccountNumber="1101084" AccountName="AR Menards Big Card" ActiveFlag="y" />
    <Account AccountType="1" AccountNumber="1101085" AccountName="AR Speedy Check Card (ACH)" ActiveFlag="y" />
    <Account AccountType="1" AccountNumber="1101086" AccountName="AR Trans Platinum Plus Card" ActiveFlag="y" />
    <Account AccountType="1" AccountNumber="1101087" AccountName="AR Fleet One Card" ActiveFlag="y" />
    <Account AccountType="1" AccountNumber="1101089" AccountName="A/R Subway Bankcards" ActiveFlag="y" />
    <Account AccountType="1" AccountNumber="1101110" AccountName="Accts Rec-Employees-Subledger" ActiveFlag="y" />
    <Account AccountType="1" AccountNumber="1101130" AccountName="AR Eby Brown" ActiveFlag="y" />
    <Account AccountType="4" AccountNumber="1101020" AccountName="AR NonSubledger" ActiveFlag="y" />
    <Account AccountType="4" AccountNumber="4101010" AccountName="Sales - General" ActiveFlag="y" />
    <Account AccountType="4" AccountNumber="4101030" AccountName="Sales Products Excise Tax" ActiveFlag="y" />
    <Account AccountType="4" AccountNumber="4101040" AccountName="Service Income" ActiveFlag="y" />
    <Account AccountType="4" AccountNumber="4102010" AccountName="Service Revenue" ActiveFlag="y" />
    <Account AccountType="4" AccountNumber="4401010" AccountName="Other Income" ActiveFlag="y" />
  </AccountList>
</EnterpriseDocument>