<?xml version="1.0"?>
<EnterpriseDocument InterfaceName="Business Unit Retail Price Change Import" Version="string" CreationTimestamp="2008-09-29T03:49:45" CreationSource="string">
  <RetailerReference ClientName="string" ClientIdentifierType="ClientID" ClientIdentifier="string"/>
  <BusinessUnitList>
    <!--1 or more repetitions:-->
    <BusinessUnit BUName="string" BUIdentifierType="BUID" BUIdentifier="string">
      <RetailPriceList>
        <!--1 or more repetitions:-->
        <ListRetail itemName="string" itemRetailPackXRefID="string" retailPrice="1000.000000" startDate="2014-06-09+02:00" endDate="2008-11-15"/>
      </RetailPriceList>
    </BusinessUnit>
  </BusinessUnitList>
</EnterpriseDocument>
