Supplier Name,F TOWDISTR - TOW DISTRICT,,,,,,,,,,,,,,,,,,,,
Supplier Xref,TOWDISTR,,,,,,,,,,,,,,,,,,,,
,,,,,,,,,,,,,,,,,,,,,
Product Code,Item Name,Xref Code,Linked Item Xref Code,Formula #1,Formula #2,Description,Status,Supplier Item Group,Supplier Package UOM,Package Qty,Availability Start Date,Availability End Date,Barcode Type,Barcode Number,Cost Level,Package Cost,Allowance,Start Date,End Date,,
_16571910303,SPARKLING ICE BLK RASBERRY 17z,1052656,1052656,,,,a,601 11 000,Case,12,,,u,_016571910303,Master,0,0,1900-01-01,2075-12-31,,
_16571910303,,,,,,,,,,,,,,,Franchise,0,0,1900-01-01,2075-12-31,,
_16571910303,,,,,,,,,,,,,,,MG Vets Oil Co,0.75,0,2019-04-09,2075-12-31,,
_16571910310,SPARKLING ICE ORANGE MANGO 17z,1052657,1052657,,,,a,601 11 000,Case,12,,,u,_016571910310,Master,0,0,1900-01-01,2075-12-31,,
_16571910310,,,,,,,,,,,,,,,Franchise,0,0,1900-01-01,2075-12-31,,
_16571910310,,,,,,,,,,,,,,,MG Vets Oil Co,0.75,0,2019-04-09,2075-12-31,,
_16571910327,SPARKLING ICE KIWI STRAWBERRY 17z,1052644,1052644,,,,a,601 11 000,Case,12,,,u,_016571910327,Master,0,0,1900-01-01,2075-12-31,,
_16571910327,,,,,,,,,,,,,,,Franchise,0,0,1900-01-01,2075-12-31,,
_16571910327,,,,,,,,,,,,,,,MG Vets Oil Co,0.75,0,2019-04-09,2075-12-31,,
_16571940331,SPARKLING ICE CNUT PNAPL 17z,32006587,32006587,,,,a,601 11 000,Case,12,,,u,_016571940331,Master,0,0,1900-01-01,2075-12-31,,
_16571940331,,,,,,,,,,,,,,,Franchise,0,0,1900-01-01,2075-12-31,,
_16571940331,,,,,,,,,,,,,,,MG Vets Oil Co,0.75,0,2019-04-09,2075-12-31,,
_16571950842,SPARKLING ICE CHERRY LEMONADE 17z,1064891,1064891,,,,a,601 11 000,Case,12,,,u,_016571950842,Master,0,0,1900-01-01,2075-12-31,,
_16571950842,,,,,,,,,,,,,,,Franchise,0,0,1900-01-01,2075-12-31,,
_16571950842,,,,,,,,,,,,,,,MG Vets Oil Co,0.75,0,2019-04-09,2075-12-31,,
_16571952020,SPARKLING ICE ESS LEM LIM 17Z,36009102,36009102,,,,a,601 11 000,Case,12,,,u,_016571952020,Master,0,0,1900-01-01,2075-12-31,,
_16571952020,,,,,,,,,,,,,,,Franchise,0,0,1900-01-01,2075-12-31,,
_16571952020,,,,,,,,,,,,,,,MG Vets Oil Co,0.75,0,2019-04-09,2075-12-31,,
_16571952044,SPARKLING ICE ESS WATER 17Z,36009105,36009105,,,,a,601 11 000,Case,12,,,u,_016571952044,Master,0,0,1900-01-01,2075-12-31,,
_16571952044,,,,,,,,,,,,,,,Franchise,0,0,1900-01-01,2075-12-31,,
_16571952044,,,,,,,,,,,,,,,MG Vets Oil Co,0.75,0,2019-04-09,2075-12-31,,
_16571952068,SPARKLING ICE ESS PEACH 17Z,36009103,36009103,,,,a,601 11 000,Case,12,,,u,_016571952068,Master,0,0,1900-01-01,2075-12-31,,
_16571952068,,,,,,,,,,,,,,,Franchise,0,0,1900-01-01,2075-12-31,,
_16571952068,,,,,,,,,,,,,,,MG Vets Oil Co,0.75,0,2019-04-09,2075-12-31,,
_16571952082,SPARKLING ICE ESS TANG 17Z,36009104,36009104,,,,a,601 11 000,Case,12,,,u,_016571952082,Master,0,0,1900-01-01,2075-12-31,,
_16571952082,,,,,,,,,,,,,,,Franchise,0,0,1900-01-01,2075-12-31,,
_16571952082,,,,,,,,,,,,,,,MG Vets Oil Co,0.75,0,2019-04-09,2075-12-31,,
_16571952679,SPARKLING ICE GRP RASP 17z,32006592,32006592,,,,a,601 11 000,Case,12,,,u,_016571952679,Master,0,0,1900-01-01,2075-12-31,,
_16571952679,,,,,,,,,,,,,,,Franchise,0,0,1900-01-01,2075-12-31,,
_16571952679,,,,,,,,,,,,,,,MG Vets Oil Co,0.75,0,2019-04-09,2075-12-31,,
_18200000164,BUD 6PK 12z CN,13440,13440,,,,a,401 01 002,Case,24,,,u,_018200000164,Master,0,0,1900-01-01,2075-12-31,,
_18200000164,,,,,,,,,,,,,,,Franchise,0,0,1900-01-01,2075-12-31,,
_18200000164,,,,,,,,,,,,,,,MG Vets Oil Co,5,0,2019-04-09,2075-12-31,,
_18200001062,BUD LT 6PK 12z CN,13450,13450,,,,a,401 01 002,Case,24,,,u,_018200001062,Master,0,0,1900-01-01,2075-12-31,,
_18200001062,,,,,,,,,,,,,,,Franchise,0,0,1900-01-01,2075-12-31,,
_18200001062,,,,,,,,,,,,,,,MG Vets Oil Co,4.78,0,2019-04-09,2075-12-31,,
_18200006708,MICHELOB GLDN LT 6PK 12z LN,34205,34205,,,,a,401 01 004,Case,24,,,u,_018200006708,Master,0,0,1900-01-01,2075-12-31,,
_18200006708,,,,,,,,,,,,,,,Franchise,0,0,1900-01-01,2075-12-31,,
_18200006708,,,,,,,,,,,,,,,MG Vets Oil Co,5.53,0,2019-04-09,2075-12-31,,
_18200006937,MICHELOB GLDN LT 12PK 12z CN,17692,17692,,,,a,401 01 004,Case,24,,,u,_018200006937,Master,0,0,1900-01-01,2075-12-31,,
_18200006937,,,,,,,,,,,,,,,Franchise,0,0,1900-01-01,2075-12-31,,
_18200006937,,,,,,,,,,,,,,,MG Vets Oil Co,8.9,0,2019-04-09,2075-12-31,,
_18200007699,BUD LT 12PK 12z LN,44692,44692,,,,a,401 01 002,Case,24,,,u,_018200007699,Master,0,0,1900-01-01,2075-12-31,,
_18200007699,,,,,,,,,,,,,,,Franchise,0,0,1900-01-01,2075-12-31,,
_18200007699,,,,,,,,,,,,,,,MG Vets Oil Co,8.9,0,2019-04-09,2075-12-31,,
_18200007712,BUD 12PK 12z LN,44694,44694,,,,a,401 01 002,Case,2,,,u,_018200007712,Master,0,0,1900-01-01,2075-12-31,,
_18200007712,,,,,,,,,,,,,,,Franchise,0,0,1900-01-01,2075-12-31,,
_18200007712,,,,,,,,,,,,,,,MG Vets Oil Co,8.9,0,2019-04-09,2075-12-31,,
_18200008016,BUSCH LT 12PK 12z CN,13461,13461,,,,a,401 01 003,Case,24,,,u,_018200008016,Master,0,0,1900-01-01,2075-12-31,,
_18200008016,,,,,,,,,,,,,u,_018200862489,Franchise,0,0,1900-01-01,2075-12-31,,
_18200008016,,,,,,,,,,,,,,,MG Vets Oil Co,7.2,0,2019-04-09,2075-12-31,,
_18200008337,BUD LT 6PK 12z LN,14091,14091,,,,a,401 01 002,Case,24,,,u,_018200001697,Master,0,0,1900-01-01,2075-12-31,,
_18200008337,,,,,,,,,,,,,u,_018200008337,Franchise,0,0,1900-01-01,2075-12-31,,
_18200008337,,,,,,,,,,,,,,,MG Vets Oil Co,5.45,0,2019-04-09,2075-12-31,,
_18200008344,BUD 6PK 12z LN,13439,13439,,,,a,401 01 002,Case,24,,,u,_018200001680,Master,0,0,1900-01-01,2075-12-31,,
_18200008344,,,,,,,,,,,,,u,_018200008344,Franchise,0,0,1900-01-01,2075-12-31,,
_18200008344,,,,,,,,,,,,,u,_018200110368,MG Vets Oil Co,5.45,0,2019-04-09,2075-12-31,,
_18200009648,NATURAL ICE 12PK 12z CN,42993,42993,,,,a,401 01 003,Case,2,,,u,_018200009648,Master,0,0,1900-01-01,2075-12-31,,
_18200009648,,,,,,,,,,,,,,,Franchise,0,0,1900-01-01,2075-12-31,,
_18200009648,,,,,,,,,,,,,,,MG Vets Oil Co,6.8,0,2019-04-09,2075-12-31,,
_18200110474,BUD 12PK 12z CN,13441,13441,,,,a,401 01 002,Case,24,,,u,_018200110474,Master,0,0,1900-01-01,2075-12-31,,
_18200110474,,,,,,,,,,,,,u,_018200112461,Franchise,0,0,1900-01-01,2075-12-31,,
_18200110474,,,,,,,,,,,,,u,_018200114748,MG Vets Oil Co,8.9,0,2019-04-09,2075-12-31,,
_18200139864,SHOCK TOP ALE 6PK 12z LN,175897,175897,,,,a,401 01 004,Case,24,,,u,_018200139864,Master,0,0,1900-01-01,2075-12-31,,
_18200139864,,,,,,,,,,,,,,,Franchise,0,0,1900-01-01,2075-12-31,,
_18200139864,,,,,,,,,,,,,,,MG Vets Oil Co,6.48,0,2019-04-09,2075-12-31,,
_18200149917,BUD LT LIME 6PK 12z LN,176526,176526,,,,a,401 01 004,Case,24,,,u,_018200149917,Master,0,0,1900-01-01,2075-12-31,,
_18200149917,,,,,,,,,,,,,,,Franchise,0,0,1900-01-01,2075-12-31,,
_18200149917,,,,,,,,,,,,,,,MG Vets Oil Co,6.05,0,2019-04-09,2075-12-31,,
_18200150470,NATURAL LT 12PK 12z CN,13492,13492,,,,a,401 01 003,Case,2,,,u,_018200150470,Master,0,0,1900-01-01,2075-12-31,,
_18200150470,,,,,,,,,,,,,,,Franchise,0,0,1900-01-01,2075-12-31,,
_18200150470,,,,,,,,,,,,,,,MG Vets Oil Co,6.8,0,2019-04-09,2075-12-31,,
_18200189937,BUD LT PLATINUM 6PK 12z LN,192906,192906,,,,a,401 01 004,Case,24,,,u,_018200189937,Master,0,0,1900-01-01,2075-12-31,,
_18200189937,,,,,,,,,,,,,,,Franchise,0,0,1900-01-01,2075-12-31,,
_18200189937,,,,,,,,,,,,,,,MG Vets Oil Co,6.03,0,2019-04-09,2075-12-31,,
_18200250002,BUD 25z CN,22854,22854,,,,a,401 01 002,Case,15,,,u,_018200004667,Master,0,0,1900-01-01,2075-12-31,,
_18200250002,,,,,,,,,,,,,u,_018200112355,Franchise,0,0,1900-01-01,2075-12-31,,
_18200250002,,,,,,,,,,,,,u,_018200114540,MG Vets Oil Co,1.98,0,2019-04-09,2075-12-31,,
_18200250002,,,,,,,,,,,,,u,_018200250002,,,,,,,
_18200250019,BUD LT 25z CN,22853,22853,,,,a,401 01 002,Case,15,,,u,_018200004681,Master,0,0,1900-01-01,2075-12-31,,
_18200250019,,,,,,,,,,,,,u,_018200250019,Franchise,0,0,1900-01-01,2075-12-31,,
_18200250019,,,,,,,,,,,,,,,MG Vets Oil Co,1.98,0,2019-04-09,2075-12-31,,
_18200530470,BUD LT 12PK 12z CN,13451,13451,,,,a,401 01 002,Case,2,,,u,_018200530470,Master,0,0,1900-01-01,2075-12-31,,
_18200530470,,,,,,,,,,,,,u,_018200532467,Franchise,0,0,1900-01-01,2075-12-31,,
_18200530470,,,,,,,,,,,,,,,MG Vets Oil Co,8.9,0,2019-04-09,2075-12-31,,
_18200968679,MICHELOB GLDN LT 24PK 12z CN,170155,170155,,,,a,401 01 004,Case,24,,,u,_018200968679,Master,0,0,1900-01-01,2075-12-31,,
_18200968679,,,,,,,,,,,,,,,Franchise,0,0,1900-01-01,2075-12-31,,
_18200968679,,,,,,,,,,,,,,,MG Vets Oil Co,18.55,0,2019-04-09,2075-12-31,,
_182136000021,AQUAHYDRATE 1L,1082560,1082560,,,,a,601 10 000,Case,12,,,u,_182136000021,Master,0,0,1900-01-01,2075-12-31,,
_182136000021,,,,,,,,,,,,,,,Franchise,0,0,1900-01-01,2075-12-31,,
_182136000021,,,,,,,,,,,,,,,MG Vets Oil Co,1.33,0,2019-04-09,2075-12-31,,
_24321930075,DYNAMOO 1% CHOC MILK 8Z,36013720,36013720,,,,a,601 07 410,Case,18,,,u,_024321930075,Master,0,0,1900-01-01,2075-12-31,,
_24321930075,,,,,,,,,,,,,,,Franchise,0,0,1900-01-01,2075-12-31,,
_24321930075,,,,,,,,,,,,,,,MG Vets Oil Co,0.6,0,2019-04-09,2075-12-31,,
_24321930228,DYNAMOO 1% VAN MILK 8Z,36013721,36013721,,,,a,601 07 410,Case,18,,,u,_024321930228,Master,0,0,1900-01-01,2075-12-31,,
_24321930228,,,,,,,,,,,,,,,Franchise,0,0,1900-01-01,2075-12-31,,
_24321930228,,,,,,,,,,,,,,,MG Vets Oil Co,0.6,0,2019-04-09,2075-12-31,,
_34100316020,MILW BEST 6PK 12z CN,13517,13517,,,,a,401 01 003,Case,2,,,u,_034100001544,Master,0,0,1900-01-01,2075-12-31,,
_34100316020,,,,,,,,,,,,,,,Franchise,0,0,1900-01-01,2075-12-31,,
_34100316020,,,,,,,,,,,,,,,MG Vets Oil Co,3.5,0,2019-04-09,2075-12-31,,
_41508300346,SAN PELLEGRINO ROSSA 12z,32006608,32006608,,,,a,601 11 000,Case,12,,,u,_041508300346,Master,0,0,1900-01-01,2075-12-31,,
_41508300346,,,,,,,,,,,,,,,Franchise,0,0,1900-01-01,2075-12-31,,
_41508300346,,,,,,,,,,,,,,,MG Vets Oil Co,0.79,0,2019-04-09,2075-12-31,,
_41508300391,SAN PELLEGRINO POMPELMO 12z,33000678,33000678,,,,a,601 11 000,Case,12,,,u,_041508300391,Master,0,0,1900-01-01,2075-12-31,,
_41508300391,,,,,,,,,,,,,,,Franchise,0,0,1900-01-01,2075-12-31,,
_41508300391,,,,,,,,,,,,,,,MG Vets Oil Co,0.79,0,2019-04-09,2075-12-31,,
_41508800600,SAN PELLEGRINO ORANGE 11.1z,10179169,10179169,,,,a,601 11 000,Case,12,,,u,_041508800600,Master,0,0,1900-01-01,2075-12-31,,
_41508800600,,,,,,,,,,,,,,,Franchise,0,0,1900-01-01,2075-12-31,,
_41508800600,,,,,,,,,,,,,,,MG Vets Oil Co,0.79,0,2019-04-09,2075-12-31,,
_41508800648,SAN PELLEGRINO LIMONATA 11.15z,33000367,33000367,,,,a,601 11 000,Case,12,,,u,_041508800648,Master,0,0,1900-01-01,2075-12-31,,
_41508800648,,,,,,,,,,,,,,,Franchise,0,0,1900-01-01,2075-12-31,,
_41508800648,,,,,,,,,,,,,,,MG Vets Oil Co,0.79,0,2019-04-09,2075-12-31,,
_610764120472,VPX BANG CHERRY BLADE LEMONADE 16Z,36013934,36013934,,,,a,601 13A 000,Case,12,,,u,_610764120472,Master,0,0,1900-01-01,2075-12-31,,
_610764120472,,,,,,,,,,,,,,,Franchise,0,0,1900-01-01,2075-12-31,,
_610764120472,,,,,,,,,,,,,,,MG Vets Oil Co,1.42,0,2019-04-09,2075-12-31,,
_610764251299,VPX BANG RAINBOW UNICORN 16Z,36014104,36014104,,,,a,601 13A 000,Case,12,,,u,_610764251299,Master,0,0,1900-01-01,2075-12-31,,
_610764251299,,,,,,,,,,,,,,,Franchise,0,0,1900-01-01,2075-12-31,,
_610764251299,,,,,,,,,,,,,,,MG Vets Oil Co,1.42,0,2019-04-09,2075-12-31,,
_610764262271,VXP BANG BANGSTER BERRY 16Z,36014120,36014120,,,,a,601 13A 000,Case,12,,,u,_610764262271,Master,0,0,1900-01-01,2075-12-31,,
_610764262271,,,,,,,,,,,,,,,Franchise,0,0,1900-01-01,2075-12-31,,
_610764262271,,,,,,,,,,,,,,,MG Vets Oil Co,1.42,0,2019-04-09,2075-12-31,,
_610764826114,VPX BANG ENERGY PINA COLADA 16Z,36014100,36014100,,,,a,601 13A 000,Case,12,,,u,_610764826114,Master,0,0,1900-01-01,2075-12-31,,
_610764826114,,,,,,,,,,,,,,,Franchise,0,0,1900-01-01,2075-12-31,,
_610764826114,,,,,,,,,,,,,,,MG Vets Oil Co,1.42,0,2019-04-09,2075-12-31,,
_610764826176,VPX BANG PURPLE HAZE 16Z,36014116,36014116,,,,a,601 13A 000,Case,12,,,u,_610764826176,Master,0,0,1900-01-01,2075-12-31,,
_610764826176,,,,,,,,,,,,,,,Franchise,0,0,1900-01-01,2075-12-31,,
_610764826176,,,,,,,,,,,,,,,MG Vets Oil Co,1.42,0,2019-04-09,2075-12-31,,
_610764863119,VPX BANG ENRGY PRPL GUAVA 16Z,36009376,36009376,,,,a,601 13A 000,Case,12,,,u,_610764863119,Master,0,0,1900-01-01,2075-12-31,,
_610764863119,,,,,,,,,,,,,,,Franchise,0,0,1900-01-01,2075-12-31,,
_610764863119,,,,,,,,,,,,,,,MG Vets Oil Co,1.42,0,2019-04-09,2075-12-31,,
_610764863430,BANG SOUR HEADS 16Z,1097811,1097811,,,,a,601 13A 000,Case,12,,,u,_610764863430,Master,0,0,1900-01-01,2075-12-31,,
_610764863430,,,,,,,,,,,,,,,Franchise,0,0,1900-01-01,2075-12-31,,
_610764863430,,,,,,,,,,,,,,,MG Vets Oil Co,1.42,0,2019-04-09,2075-12-31,,
_610764863577,VPX BANG LEMON DROP 16Z,36009377,36009377,,,,a,601 13A 000,Case,12,,,u,_610764863577,Master,0,0,1900-01-01,2075-12-31,,
_610764863577,,,,,,,,,,,,,,,Franchise,0,0,1900-01-01,2075-12-31,,
_610764863577,,,,,,,,,,,,,,,MG Vets Oil Co,1.42,0,2019-04-09,2075-12-31,,
_610764863591,VPX BANG CHAMPAGNE 16Z,36009374,36009374,,,,a,601 13A 000,Case,12,,,u,_610764863591,Master,0,0,1900-01-01,2075-12-31,,
_610764863591,,,,,,,,,,,,,,,Franchise,0,0,1900-01-01,2075-12-31,,
_610764863591,,,,,,,,,,,,,,,MG Vets Oil Co,1.42,0,2019-04-09,2075-12-31,,
_610764863614,VPX BANG POWER PUNCH 16Z,36014112,36014112,,,,a,601 13A 000,Case,12,,,u,_610764863614,Master,0,0,1900-01-01,2075-12-31,,
_610764863614,,,,,,,,,,,,,,,Franchise,0,0,1900-01-01,2075-12-31,,
_610764863614,,,,,,,,,,,,,,,MG Vets Oil Co,1.42,0,2019-04-09,2075-12-31,,
_61076486381,VPX BANG ENRGY PEACH MANGO 16Z,36014101,36014101,,,,a,601 13A 000,Case,12,,,u,_610764863812,Master,0,0,1900-01-01,2075-12-31,,
_61076486381,,,,,,,,,,,,,,,Franchise,0,0,1900-01-01,2075-12-31,,
_61076486381,,,,,,,,,,,,,,,MG Vets Oil Co,1.42,0,2019-04-09,2075-12-31,,
_610764863850,VPX BANG CITRUS TWIST 16Z,36014098,36014098,,,,a,601 13A 000,Case,12,,,u,_610764863850,Master,0,0,1900-01-01,2075-12-31,,
_610764863850,,,,,,,,,,,,,,,Franchise,0,0,1900-01-01,2075-12-31,,
_610764863850,,,,,,,,,,,,,,,MG Vets Oil Co,1.42,0,2019-04-09,2075-12-31,,
_610764910066,VPX BANG ROOT BEER BLAZE 16Z,36009378,36009378,,,,a,601 13A 000,Case,12,,,u,_610764910066,Master,0,0,1900-01-01,2075-12-31,,
_610764910066,,,,,,,,,,,,,,,Franchise,0,0,1900-01-01,2075-12-31,,
_610764910066,,,,,,,,,,,,,,,MG Vets Oil Co,1.42,0,2019-04-09,2075-12-31,,
_616983330364,FURY PCH MNG 16.9Z,36008883,36008883,,,,a,601 12A 000,Case,12,,,u,_616983330364,Master,0,0,1900-01-01,2075-12-31,,
_616983330364,,,,,,,,,,,,,,,Franchise,0,0,1900-01-01,2075-12-31,,
_616983330364,,,,,,,,,,,,,,,MG Vets Oil Co,1.21,0,2019-04-09,2075-12-31,,
_616983330395,FURY GRP 16.9Z,36008882,36008882,,,,a,601 12A 000,Case,12,,,u,_616983330395,Master,0,0,1900-01-01,2075-12-31,,
_616983330395,,,,,,,,,,,,,,,Franchise,0,0,1900-01-01,2075-12-31,,
_616983330395,,,,,,,,,,,,,,,MG Vets Oil Co,1.21,0,2019-04-09,2075-12-31,,
_616983330425,FURY BRY 16.9Z,36008881,36008881,,,,a,601 12A 000,Case,12,,,u,_616983330425,Master,0,0,1900-01-01,2075-12-31,,
_616983330425,,,,,,,,,,,,,,,Franchise,0,0,1900-01-01,2075-12-31,,
_616983330425,,,,,,,,,,,,,,,MG Vets Oil Co,1.21,0,2019-04-09,2075-12-31,,
_616983330487,FURY STRWB BAN 16.9Z,36008884,36008884,,,,a,601 12A 000,Case,12,,,u,_616983330487,Master,0,0,1900-01-01,2075-12-31,,
_616983330487,,,,,,,,,,,,,,,Franchise,0,0,1900-01-01,2075-12-31,,
_616983330487,,,,,,,,,,,,,,,MG Vets Oil Co,1.21,0,2019-04-09,2075-12-31,,
_682430179107,VOSS SPRK LEM CCMBR 375ml,32006730,32006730,,,,a,601 10 000,Case,12,,,u,_682430179107,Master,0,0,1900-01-01,2075-12-31,,
_682430179107,,,,,,,,,,,,,,,Franchise,0,0,1900-01-01,2075-12-31,,
_682430179107,,,,,,,,,,,,,,,MG Vets Oil Co,1.25,0,2019-04-09,2075-12-31,,
_682430179206,VOSS SPRK TANG LEMGRS 375ml,32006731,32006731,,,,a,601 10 000,Case,12,,,u,_682430179206,Master,0,0,1900-01-01,2075-12-31,,
_682430179206,,,,,,,,,,,,,,,Franchise,0,0,1900-01-01,2075-12-31,,
_682430179206,,,,,,,,,,,,,,,MG Vets Oil Co,1.25,0,2019-04-09,2075-12-31,,
_682430400102,VOSS WATER 500ml,1077249,1077249,,,,a,601 10 000,Case,24,,,u,_682430400102,Master,0,0,1900-01-01,2075-12-31,,
_682430400102,,,,,,,,,,,,,,,Franchise,0,0,1900-01-01,2075-12-31,,
_682430400102,,,,,,,,,,,,,,,MG Vets Oil Co,0.98,0,2019-04-09,2075-12-31,,
_682430611751,VOSS SPRK 375ml,32006733,32006733,,,,a,601 10 000,Case,24,,,u,_682430611751,Master,0,0,1900-01-01,2075-12-31,,
_682430611751,,,,,,,,,,,,,,,Franchise,0,0,1900-01-01,2075-12-31,,
_682430611751,,,,,,,,,,,,,,,MG Vets Oil Co,1.25,0,2019-04-09,2075-12-31,,
_696859913297,BLACKEYE REG 12Z,36008828,36008828,,,,a,601 11B 000,Case,12,,,u,_696859913297,Master,0,0,1900-01-01,2075-12-31,,
_696859913297,,,,,,,,,,,,,,,Franchise,0,0,1900-01-01,2075-12-31,,
_696859913297,,,,,,,,,,,,,,,MG Vets Oil Co,1.83,0,2019-04-09,2075-12-31,,
_696859913310,BLACKEYE NITRO 12Z,36008825,36008825,,,,a,601 11B 000,Case,12,,,u,_696859913310,Master,0,0,1900-01-01,2075-12-31,,
_696859913310,,,,,,,,,,,,,,,Franchise,0,0,1900-01-01,2075-12-31,,
_696859913310,,,,,,,,,,,,,,,MG Vets Oil Co,1.83,0,2019-04-09,2075-12-31,,
_70847000013,MONSTER IMPORT LT 18.6Z,36008985,36008985,,,,a,601 13A 000,Case,12,,,u,_070847000013,Master,0,0,1900-01-01,2075-12-31,,
_70847000013,,,,,,,,,,,,,,,Franchise,0,0,1900-01-01,2075-12-31,,
_70847000013,,,,,,,,,,,,,,,MG Vets Oil Co,2.14,0,2019-04-09,2075-12-31,,
_70847000037,MONSTER ABSOLUTELY ZERO 16z,184385,184385,,,,a,601 13A 000,Case,24,,,u,_070847000037,Master,0,0,1900-01-01,2075-12-31,,
_70847000037,,,,,,,,,,,,,,,Franchise,0,0,1900-01-01,2075-12-31,,
_70847000037,,,,,,,,,,,,,,,MG Vets Oil Co,1.31,0,2019-04-09,2075-12-31,,
_70847000051,MONSTER ABSOLUTELY ZERO 4PK 16z,186008,186008,,,,a,601 13A 000,Case,24,,,u,_070847000051,Master,0,0,1900-01-01,2075-12-31,,
_70847000051,,,,,,,,,,,,,,,Franchise,0,0,1900-01-01,2075-12-31,,
_70847000051,,,,,,,,,,,,,,,MG Vets Oil Co,5.67,0,2019-04-09,2075-12-31,,
_70847000075,MONSTER M3 SUPER 5Z,36008989,36008989,,,,a,601 13A 000,Case,24,,,u,_070847000075,Master,0,0,1900-01-01,2075-12-31,,
_70847000075,,,,,,,,,,,,,u,_070847000099,Franchise,0,0,1900-01-01,2075-12-31,,
_70847000075,,,,,,,,,,,,,,,MG Vets Oil Co,1.31,0,2019-04-09,2075-12-31,,
_70847000860,PEACE TEA DT GRN 23Z PP,36009034,36009034,,,,a,601 14 000,Case,12,,,u,_070847000860,Master,0,0,1900-01-01,2075-12-31,,
_70847000860,,,,,,,,,,,,,u,_070847004004,Franchise,0,0,1900-01-01,2075-12-31,,
_70847000860,,,,,,,,,,,,,,,MG Vets Oil Co,0.8,0,2019-04-09,2075-12-31,,
_70847000907,WORX XTRA STRNGTH ENERGY SHOT,185445,185445,,,,a,601 15C 000,Case,12,,,u,_070847000907,Master,0,0,1900-01-01,2075-12-31,,
_70847000907,,,,,,,,,,,,,,,Franchise,0,0,1900-01-01,2075-12-31,,
_70847000907,,,,,,,,,,,,,,,MG Vets Oil Co,1.5,0,2019-04-09,2075-12-31,,
_70847002406,WORX ORIGINAL ENERGY SHOT,185444,185444,,,,a,601 15C 000,Case,12,,,u,_070847002406,Master,0,0,1900-01-01,2075-12-31,,
_70847002406,,,,,,,,,,,,,,,Franchise,0,0,1900-01-01,2075-12-31,,
_70847002406,,,,,,,,,,,,,,,MG Vets Oil Co,1.5,0,2019-04-09,2075-12-31,,
_70847003205,PEACE TEA CADDY SHACK 23z,186026,186026,,,,a,601 14 000,Case,12,,,u,_070847003205,Master,0,0,1900-01-01,2075-12-31,,
_70847003205,,,,,,,,,,,,,u,_070849003678,Franchise,0,0,1900-01-01,2075-12-31,,
_70847003205,,,,,,,,,,,,,,,MG Vets Oil Co,0.8,0,2019-04-09,2075-12-31,,
_70847003229,MONSTER REHAB LEMONADE TEA 15.5z,185664,185664,,,,a,601 13C 000,Case,24,,,u,_070847003229,Master,0,0,1900-01-01,2075-12-31,,
_70847003229,,,,,,,,,,,,,,,Franchise,0,0,1900-01-01,2075-12-31,,
_70847003229,,,,,,,,,,,,,,,MG Vets Oil Co,1.31,0,2019-04-09,2075-12-31,,
_70847003342,MONSTER REHAB LEMONADE TEA 4PK 15.5z,192204,192204,,,,a,601 13C 000,Case,24,,,u,_070847003342,Master,0,0,1900-01-01,2075-12-31,,
_70847003342,,,,,,,,,,,,,,,Franchise,0,0,1900-01-01,2075-12-31,,
_70847003342,,,,,,,,,,,,,,,MG Vets Oil Co,5.67,0,2019-04-09,2075-12-31,,
_70847003670,PEACE TEA CADDY SHACK 23z,x002-186026,186026,,,,a,601 14 000,Case,12,,,u,_049000070422,Master,0,0,1900-01-01,2075-12-31,,
_70847003670,,,,,,,,,,,,,u,_070849003678,Franchise,0,0,1900-01-01,2075-12-31,,
_70847003670,,,,,,,,,,,,,,,MG Vets Oil Co,0.8,0,2019-04-09,2075-12-31,,
_70847003762,MONSTER REHAB LMNDE 24Z,36008990,36008990,,,,a,601 13C 000,Case,12,,,u,_070609006352,Master,0,0,1900-01-01,2075-12-31,,
_70847003762,,,,,,,,,,,,,,,Franchise,0,0,1900-01-01,2075-12-31,,
_70847003762,,,,,,,,,,,,,,,MG Vets Oil Co,2.14,0,2019-04-09,2075-12-31,,
_70847004028,PEACE TEA LEMON 23z,182855,182855,,,,a,601 14 000,Case,12,,,u,_070847004028,Master,0,0,1900-01-01,2075-12-31,,
_70847004028,,,,,,,,,,,,,,,Franchise,0,0,1900-01-01,2075-12-31,,
_70847004028,,,,,,,,,,,,,,,MG Vets Oil Co,0.8,0,2019-04-09,2075-12-31,,
_70847004042,PEACE TEA GREEN 23z,182854,182854,,,,a,601 14 000,Case,12,,,u,_070847004042,Master,0,0,1900-01-01,2075-12-31,,
_70847004042,,,,,,,,,,,,,,,Franchise,0,0,1900-01-01,2075-12-31,,
_70847004042,,,,,,,,,,,,,,,MG Vets Oil Co,0.8,0,2019-04-09,2075-12-31,,
_70847004066,PEACE TEA RAZZLEBERRY 23z,182858,182858,,,,a,601 14 000,Case,12,,,u,_049000070484,Master,0,0,1900-01-01,2075-12-31,,
_70847004066,,,,,,,,,,,,,,,Franchise,0,0,1900-01-01,2075-12-31,,
_70847004066,,,,,,,,,,,,,,,MG Vets Oil Co,0.8,0,2019-04-09,2075-12-31,,
_70847004301,MONSTER ABSOLUTELY ZERO 24z,192008,192008,,,,a,601 13A 000,Case,12,,,u,_070847004301,Master,0,0,1900-01-01,2075-12-31,,
_70847004301,,,,,,,,,,,,,,,Franchise,0,0,1900-01-01,2075-12-31,,
_70847004301,,,,,,,,,,,,,,,MG Vets Oil Co,2.14,0,2019-04-09,2075-12-31,,
_70847006145,MONSTER REHAB RASPBERRY TEA 15.5z,192331,192331,,,,a,601 13C 000,Case,24,,,u,_070847006145,Master,0,0,1900-01-01,2075-12-31,,
_70847006145,,,,,,,,,,,,,,,Franchise,0,0,1900-01-01,2075-12-31,,
_70847006145,,,,,,,,,,,,,,,MG Vets Oil Co,1.31,0,2019-04-09,2075-12-31,,
_70847006428,MONSTER EXTRA BLACK ICE 12z,184395,184395,,,,a,601 13A 000,Case,12,,,u,_070847006428,Master,0,0,1900-01-01,2075-12-31,,
_70847006428,,,,,,,,,,,,,,,Franchise,0,0,1900-01-01,2075-12-31,,
_70847006428,,,,,,,,,,,,,,,MG Vets Oil Co,1.31,0,2019-04-09,2075-12-31,,
_70847008552,MONSTER REHAB GREEN TEA 4PK 15.5z,192766,192766,,,,a,601 13C 000,Case,24,,,u,_070847008552,Master,0,0,1900-01-01,2075-12-31,,
_70847008552,,,,,,,,,,,,,,,Franchise,0,0,1900-01-01,2075-12-31,,
_70847008552,,,,,,,,,,,,,,,MG Vets Oil Co,5.67,0,2019-04-09,2075-12-31,,
_70847008576,MONSTER REHAB RASPBERRY TEA 4PK 15.5z,192767,192767,,,,a,601 13C 000,Case,24,,,u,_070847008576,Master,0,0,1900-01-01,2075-12-31,,
_70847008576,,,,,,,,,,,,,,,Franchise,0,0,1900-01-01,2075-12-31,,
_70847008576,,,,,,,,,,,,,,,MG Vets Oil Co,5.67,0,2019-04-09,2075-12-31,,
_70847008613,MONSTER REHAB LEMONADE TEA  10PK 15.5z,32006645,32006645,,,,a,601 13A 000,Case,2,,,u,_070847008613,Master,0,0,1900-01-01,2075-12-31,,
_70847008613,,,,,,,,,,,,,,,Franchise,0,0,1900-01-01,2075-12-31,,
_70847008613,,,,,,,,,,,,,,,MG Vets Oil Co,12.75,0,2019-04-09,2075-12-31,,
_70847009627,MONSTER ABS ZERO 10PK 16z,32006647,32006647,,,,a,601 13A 000,Case,2,,,u,_070847009627,Master,0,0,1900-01-01,2075-12-31,,
_70847009627,,,,,,,,,,,,,,,Franchise,0,0,1900-01-01,2075-12-31,,
_70847009627,,,,,,,,,,,,,,,MG Vets Oil Co,12.75,0,2019-04-09,2075-12-31,,
_70847009702,PEACE CRANBERRY TEA 23z,1061997,1061997,,,,a,601 14 000,Case,12,,,u,_070847009702,Master,0,0,1900-01-01,2075-12-31,,
_70847009702,,,,,,,,,,,,,,,Franchise,0,0,1900-01-01,2075-12-31,,
_70847009702,,,,,,,,,,,,,,,MG Vets Oil Co,0.8,0,2019-04-09,2075-12-31,,
_70847009726,PEACE TEA PINK LEMONADE 23z,1051094,1051094,,,,a,601 14 000,Case,12,,,u,_070847009726,Master,0,0,1900-01-01,2075-12-31,,
_70847009726,,,,,,,,,,,,,,,Franchise,0,0,1900-01-01,2075-12-31,,
_70847009726,,,,,,,,,,,,,,,MG Vets Oil Co,0.8,0,2019-04-09,2075-12-31,,
_70847010463,MONSTER REHAB ORANGE TEA 15.5z,1050378,1050378,,,,a,601 13C 000,Case,24,,,u,_070847010463,Master,0,0,1900-01-01,2075-12-31,,
_70847010463,,,,,,,,,,,,,,,Franchise,0,0,1900-01-01,2075-12-31,,
_70847010463,,,,,,,,,,,,,,,MG Vets Oil Co,1.31,0,2019-04-09,2075-12-31,,
_70847010647,MONSTER REHAB ORNGADE 15.5Z 4PK,36008991,36008991,,,,a,601 13C 000,Case,24,,,u,_070847010647,Master,0,0,1900-01-01,2075-12-31,,
_70847010647,,,,,,,,,,,,,,,Franchise,0,0,1900-01-01,2075-12-31,,
_70847010647,,,,,,,,,,,,,,,MG Vets Oil Co,5.67,0,2019-04-09,2075-12-31,,
_70847012450,MONSTER CUBA-LIMA 16z,1051735,1051735,,,,a,601 13A 000,Case,24,,,u,_070847012450,Master,0,0,1900-01-01,2075-12-31,,
_70847012450,,,,,,,,,,,,,,,Franchise,0,0,1900-01-01,2075-12-31,,
_70847012450,,,,,,,,,,,,,,,MG Vets Oil Co,1.31,0,2019-04-09,2075-12-31,,
_70847012474,MONSTER ULTRA ZERO 16z,1051736,1051736,,,,a,601 13A 000,Case,24,,,u,_070847012474,Master,0,0,1900-01-01,2075-12-31,,
_70847012474,,,,,,,,,,,,,,,Franchise,0,0,1900-01-01,2075-12-31,,
_70847012474,,,,,,,,,,,,,,,MG Vets Oil Co,1.31,0,2019-04-09,2075-12-31,,
_70847012764,MONSTER DUB BALLERS BLEND 16z,1051734,1051734,,,,a,601 13A 000,Case,24,,,u,_070847012764,Master,0,0,1900-01-01,2075-12-31,,
_70847012764,,,,,,,,,,,,,,,Franchise,0,0,1900-01-01,2075-12-31,,
_70847012764,,,,,,,,,,,,,,,MG Vets Oil Co,1.31,0,2019-04-09,2075-12-31,,
_70847013228,MONSTER CUBA LIMA 16Z 4PK,36008984,36008984,,,,a,601 13A 000,Case,24,,,u,_070847013228,Master,0,0,1900-01-01,2075-12-31,,
_70847013228,,,,,,,,,,,,,,,Franchise,0,0,1900-01-01,2075-12-31,,
_70847013228,,,,,,,,,,,,,,,MG Vets Oil Co,5.67,0,2019-04-09,2075-12-31,,
_70847013242,MONSTER ULTRA ZERO 4PK 16z,1053380,1053380,,,,a,601 13A 000,Case,24,,,u,_070847013242,Master,0,0,1900-01-01,2075-12-31,,
_70847013242,,,,,,,,,,,,,,,Franchise,0,0,1900-01-01,2075-12-31,,
_70847013242,,,,,,,,,,,,,,,MG Vets Oil Co,5.67,0,2019-04-09,2075-12-31,,
_70847014102,MONSTER DUB MAD DOG 16z,1051733,1051733,,,,a,601 13A 000,Case,24,,,u,_070847014102,Master,0,0,1900-01-01,2075-12-31,,
_70847014102,,,,,,,,,,,,,,,Franchise,0,0,1900-01-01,2075-12-31,,
_70847014102,,,,,,,,,,,,,,,MG Vets Oil Co,1.31,0,2019-04-09,2075-12-31,,
_70847014805,MONSTER JAVA KONA CAPPUCCINO 15z,1053347,1053347,,,,a,601 13B 000,Case,12,,,u,_070847014805,Master,0,0,1900-01-01,2075-12-31,,
_70847014805,,,,,,,,,,,,,,,Franchise,0,0,1900-01-01,2075-12-31,,
_70847014805,,,,,,,,,,,,,,,MG Vets Oil Co,1.73,0,2019-04-09,2075-12-31,,
_70847015246,MONSTER REHAB PINK LEMONADE 15.5z,1053406,1053406,,,,a,601 13C 000,Case,24,,,u,_070847015246,Master,0,0,1900-01-01,2075-12-31,,
_70847015246,,,,,,,,,,,,,,,Franchise,0,0,1900-01-01,2075-12-31,,
_70847015246,,,,,,,,,,,,,,,MG Vets Oil Co,1.31,0,2019-04-09,2075-12-31,,
_70847015260,MONSTER MUSCLE CHOCOLATE 15z,1053413,1053413,,,,a,601 13B 000,Case,12,,,u,_070847015260,Master,0,0,1900-01-01,2075-12-31,,
_70847015260,,,,,,,,,,,,,,,Franchise,0,0,1900-01-01,2075-12-31,,
_70847015260,,,,,,,,,,,,,,,MG Vets Oil Co,2,0,2019-04-09,2075-12-31,,
_70847015284,MONSTER MUSCLE VANILLA 15z,1053418,1053418,,,,a,601 13B 000,Case,12,,,u,_070847015284,Master,0,0,1900-01-01,2075-12-31,,
_70847015284,,,,,,,,,,,,,,,Franchise,0,0,1900-01-01,2075-12-31,,
_70847015284,,,,,,,,,,,,,,,MG Vets Oil Co,2,0,2019-04-09,2075-12-31,,
_70847015642,PEACE TEA PINK LEMONADE 23z,1051094,1051094,,,,a,601 14 000,Case,12,,,u,_070847015642,Master,0,0,1900-01-01,2075-12-31,,
_70847015642,,,,,,,,,,,,,,,Franchise,0,0,1900-01-01,2075-12-31,,
_70847015642,,,,,,,,,,,,,,,MG Vets Oil Co,0.8,0,2019-04-09,2075-12-31,,
_70847016205,MONSTER ULTRA BLUE 16z,1052920,1052920,,,,a,601 13A 000,Case,24,,,u,_070847016205,Master,0,0,1900-01-01,2075-12-31,,
_70847016205,,,,,,,,,,,,,,,Franchise,0,0,1900-01-01,2075-12-31,,
_70847016205,,,,,,,,,,,,,,,MG Vets Oil Co,1.31,0,2019-04-09,2075-12-31,,
_70847016243,MONSTER MUSCLE COFFEE 15z,1053427,1053427,,,,a,601 13B 000,Case,12,,,u,_070847016243,Master,0,0,1900-01-01,2075-12-31,,
_70847016243,,,,,,,,,,,,,,,Franchise,0,0,1900-01-01,2075-12-31,,
_70847016243,,,,,,,,,,,,,,,MG Vets Oil Co,2,0,2019-04-09,2075-12-31,,
_70847016625,PEACE TEA SNO-BERRY 23Z PP,36009036,36009036,,,,a,601 14 000,Case,12,,,u,_070847016625,Master,0,0,1900-01-01,2075-12-31,,
_70847016625,,,,,,,,,,,,,,,Franchise,0,0,1900-01-01,2075-12-31,,
_70847016625,,,,,,,,,,,,,,,MG Vets Oil Co,0.8,0,2019-04-09,2075-12-31,,
_70847016649,PEACE TEA GEORGIA PEACH 23Z PP,36009035,36009035,,,,a,601 14 000,Case,12,,,u,_070847016649,Master,0,0,1900-01-01,2075-12-31,,
_70847016649,,,,,,,,,,,,,,,Franchise,0,0,1900-01-01,2075-12-31,,
_70847016649,,,,,,,,,,,,,,,MG Vets Oil Co,0.8,0,2019-04-09,2075-12-31,,
_70847017127,MONSTER ULTRA ZERO 10PK 16z,1080211,1080211,,,,a,601 13A 000,Case,2,,,u,_070847017127,Master,0,0,1900-01-01,2075-12-31,,
_70847017127,,,,,,,,,,,,,,,Franchise,0,0,1900-01-01,2075-12-31,,
_70847017127,,,,,,,,,,,,,,,MG Vets Oil Co,12.75,0,2019-04-09,2075-12-31,,
_70847017523,MONSTER REHAB PNK LMNDE 15.5Z 4PK,36008992,36008992,,,,a,601 13C 000,Case,24,,,u,_070847017523,Master,0,0,1900-01-01,2075-12-31,,
_70847017523,,,,,,,,,,,,,,,Franchise,0,0,1900-01-01,2075-12-31,,
_70847017523,,,,,,,,,,,,,,,MG Vets Oil Co,5.67,0,2019-04-09,2075-12-31,,
_70847017547,MONSTER ULTRA BLUE 4PK 16z,1061882,1061882,,,,a,601 13A 000,Case,24,,,u,_070847017547,Master,0,0,1900-01-01,2075-12-31,,
_70847017547,,,,,,,,,,,,,,,Franchise,0,0,1900-01-01,2075-12-31,,
_70847017547,,,,,,,,,,,,,,,MG Vets Oil Co,5.67,0,2019-04-09,2075-12-31,,
_70847017554,MONSTER ULTRA RED 16z,1054460,1054460,,,,a,601 13A 000,Case,24,,,u,_070847017554,Master,0,0,1900-01-01,2075-12-31,,
_70847017554,,,,,,,,,,,,,,,Franchise,0,0,1900-01-01,2075-12-31,,
_70847017554,,,,,,,,,,,,,,,MG Vets Oil Co,1.31,0,2019-04-09,2075-12-31,,
_70847017660,MONSTER MUSCLE STRAWBERRY 15z,1054684,1054684,,,,a,601 13B 000,Case,12,,,u,_070847017660,Master,0,0,1900-01-01,2075-12-31,,
_70847017660,,,,,,,,,,,,,,,Franchise,0,0,1900-01-01,2075-12-31,,
_70847017660,,,,,,,,,,,,,,,MG Vets Oil Co,2,0,2019-04-09,2075-12-31,,
_70847017707,MONSTER ULTRA ZERO 24z,1055786,1055786,,,,a,601 13A 000,Case,12,,,u,_070847017707,Master,0,0,1900-01-01,2075-12-31,,
_70847017707,,,,,,,,,,,,,,,Franchise,0,0,1900-01-01,2075-12-31,,
_70847017707,,,,,,,,,,,,,,,MG Vets Oil Co,2.14,0,2019-04-09,2075-12-31,,
_70847018308,MONSTER MUSCLE PEANUT BUTTER 15z,1056598,1056598,,,,a,601 13B 000,Case,12,,,u,_070847018308,Master,0,0,1900-01-01,2075-12-31,,
_70847018308,,,,,,,,,,,,,,,Franchise,0,0,1900-01-01,2075-12-31,,
_70847018308,,,,,,,,,,,,,,,MG Vets Oil Co,2,0,2019-04-09,2075-12-31,,
_70847018544,PEACE TEA GEORGIA PEACH 23z,1056015,1056015,,,,a,601 14 000,Case,12,,,u,_049000070439,Master,0,0,1900-01-01,2075-12-31,,
_70847018544,,,,,,,,,,,,,,,Franchise,0,0,1900-01-01,2075-12-31,,
_70847018544,,,,,,,,,,,,,,,MG Vets Oil Co,0.8,0,2019-04-09,2075-12-31,,
_70847018568,PEACE TEA SNOBERRY 23z,1056013,1056013,,,,a,601 14 000,Case,12,,,u,_049000070507,Master,0,0,1900-01-01,2075-12-31,,
_70847018568,,,,,,,,,,,,,u,_070847018568,Franchise,0,0,1900-01-01,2075-12-31,,
_70847018568,,,,,,,,,,,,,,,MG Vets Oil Co,0.8,0,2019-04-09,2075-12-31,,
_70847018957,PEACE TEA MANGO 23z,1056014,1056014,,,,a,601 14 000,Case,12,,,u,_070847018957,Master,0,0,1900-01-01,2075-12-31,,
_70847018957,,,,,,,,,,,,,,,Franchise,0,0,1900-01-01,2075-12-31,,
_70847018957,,,,,,,,,,,,,,,MG Vets Oil Co,0.8,0,2019-04-09,2075-12-31,,
_70847019022,PEACE TEA TEXAS SWEET 23z,182856,182856,,,,a,601 14 000,Case,12,,,u,_049000070521,Master,0,0,1900-01-01,2075-12-31,,
_70847019022,,,,,,,,,,,,,,,Franchise,0,0,1900-01-01,2075-12-31,,
_70847019022,,,,,,,,,,,,,,,MG Vets Oil Co,0.8,0,2019-04-09,2075-12-31,,
_70847020530,MONSTER ULTRA BLACK 16z,1075872,1075872,,,,a,601 13A 000,Case,24,,,u,_070847020530,Master,0,0,1900-01-01,2075-12-31,,
_70847020530,,,,,,,,,,,,,,,Franchise,0,0,1900-01-01,2075-12-31,,
_70847020530,,,,,,,,,,,,,,,MG Vets Oil Co,1.31,0,2019-04-09,2075-12-31,,
_70847020554,MONSTER UBER 18.6z,1056973,1056973,,,,a,601 13A 000,Case,12,,,u,_070847020554,Master,0,0,1900-01-01,2075-12-31,,
_70847020554,,,,,,,,,,,,,,,Franchise,0,0,1900-01-01,2075-12-31,,
_70847020554,,,,,,,,,,,,,,,MG Vets Oil Co,2.14,0,2019-04-09,2075-12-31,,
_70847020608,MONSTER UNLEADED 16z,1056974,1056974,,,,a,601 13A 000,Case,24,,,u,_070847020608,Master,0,0,1900-01-01,2075-12-31,,
_70847020608,,,,,,,,,,,,,,,Franchise,0,0,1900-01-01,2075-12-31,,
_70847020608,,,,,,,,,,,,,,,MG Vets Oil Co,1.31,0,2019-04-09,2075-12-31,,
_70847020905,MONSTER ULTRA SUNRISE 16z,1056975,1056975,,,,a,601 13A 000,Case,24,,,u,_070847020905,Master,0,0,1900-01-01,2075-12-31,,
_70847020905,,,,,,,,,,,,,,,Franchise,0,0,1900-01-01,2075-12-31,,
_70847020905,,,,,,,,,,,,,,,MG Vets Oil Co,1.31,0,2019-04-09,2075-12-31,,
_70847021506,MONSTER ULTRA CITRON 16z,1057892,1057892,,,,a,601 13A 000,Case,24,,,u,_070847021506,Master,0,0,1900-01-01,2075-12-31,,
_70847021506,,,,,,,,,,,,,,,Franchise,0,0,1900-01-01,2075-12-31,,
_70847021506,,,,,,,,,,,,,,,MG Vets Oil Co,1.31,0,2019-04-09,2075-12-31,,
_70847021520,MONSTER REHAB PEACH 15.5z,1057888,1057888,,,,a,601 13C 000,Case,24,,,u,_070847021520,Master,0,0,1900-01-01,2075-12-31,,
_70847021520,,,,,,,,,,,,,,,Franchise,0,0,1900-01-01,2075-12-31,,
_70847021520,,,,,,,,,,,,,,,MG Vets Oil Co,1.31,0,2019-04-09,2075-12-31,,
_70847022909,MONSTER PIPELINE PUNCH 16z,1075871,1075871,,,,a,601 13A 000,Case,24,,,u,_070847022909,Master,0,0,1900-01-01,2075-12-31,,
_70847022909,,,,,,,,,,,,,,,Franchise,0,0,1900-01-01,2075-12-31,,
_70847022909,,,,,,,,,,,,,,,MG Vets Oil Co,1.31,0,2019-04-09,2075-12-31,,
_70847022923,MONSTER MUSCLE BANANA 15z,1075873,1075873,,,,a,601 13B 000,Case,12,,,u,_070847022923,Master,0,0,1900-01-01,2075-12-31,,
_70847022923,,,,,,,,,,,,,,,Franchise,0,0,1900-01-01,2075-12-31,,
_70847022923,,,,,,,,,,,,,,,MG Vets Oil Co,2,0,2019-04-09,2075-12-31,,
_70847024026,MONSTER JAVA SALTED CARAMEL 15z,1077403,1077403,,,,a,601 13B 000,Case,12,,,u,_070847024026,Master,0,0,1900-01-01,2075-12-31,,
_70847024026,,,,,,,,,,,,,u,_070847024040,Franchise,0,0,1900-01-01,2075-12-31,,
_70847024026,,,,,,,,,,,,,,,MG Vets Oil Co,1.73,0,2019-04-09,2075-12-31,,
_70847024446,MONSTER GRONK 16z,1078517,1078517,,,,a,601 13A 000,Case,24,,,u,_070847024446,Master,0,0,1900-01-01,2075-12-31,,
_70847024446,,,,,,,,,,,,,,,Franchise,0,0,1900-01-01,2075-12-31,,
_70847024446,,,,,,,,,,,,,,,MG Vets Oil Co,1.31,0,2019-04-09,2075-12-31,,
_70847026501,MONSTER MUTANT 20z,1081561,1081561,,,,a,901 04 000,Case,24,,,u,_070847026501,Master,0,0,1900-01-01,2075-12-31,,
_70847026501,,,,,,,,,,,,,,,Franchise,0,0,1900-01-01,2075-12-31,,
_70847026501,,,,,,,,,,,,,,,MG Vets Oil Co,1.23,0,2019-04-09,2075-12-31,,
_70847026525,MONSTER MUTANT RED DAWN 20z,1081562,1081562,,,,a,901 04 000,Case,24,,,u,_070847026525,Master,0,0,1900-01-01,2075-12-31,,
_70847026525,,,,,,,,,,,,,,,Franchise,0,0,1900-01-01,2075-12-31,,
_70847026525,,,,,,,,,,,,,,,MG Vets Oil Co,1.23,0,2019-04-09,2075-12-31,,
_70847027324,MONSTER ULTRA VIOLET 16z,1083333,1083333,,,,a,601 13A 000,Case,24,,,u,_070847027324,Master,0,0,1900-01-01,2075-12-31,,
_70847027324,,,,,,,,,,,,,,,Franchise,0,0,1900-01-01,2075-12-31,,
_70847027324,,,,,,,,,,,,,,,MG Vets Oil Co,1.5,0,2019-04-09,2075-12-31,,
_70847027843,MONSTER CAFFE MOCHA 13.7z,1085947,1085947,,,,a,601 13B 000,Case,12,,,u,_070847027843,Master,0,0,1900-01-01,2075-12-31,,
_70847027843,,,,,,,,,,,,,,,Franchise,0,0,1900-01-01,2075-12-31,,
_70847027843,,,,,,,,,,,,,,,MG Vets Oil Co,2,0,2019-04-09,2075-12-31,,
_70847027867,MONSTER CAFFE VANILLA 13.7z,1085948,1085948,,,,a,601 13B 000,Case,12,,,u,_070847027867,Master,0,0,1900-01-01,2075-12-31,,
_70847027867,,,,,,,,,,,,,,,Franchise,0,0,1900-01-01,2075-12-31,,
_70847027867,,,,,,,,,,,,,,,MG Vets Oil Co,2,0,2019-04-09,2075-12-31,,
_70847027881,MONSTER CAFFE SALTED CARAMEL 13.7z,1085949,1085949,,,,a,601 13B 000,Case,12,,,u,_070847027881,Master,0,0,1900-01-01,2075-12-31,,
_70847027881,,,,,,,,,,,,,,,Franchise,0,0,1900-01-01,2075-12-31,,
_70847027881,,,,,,,,,,,,,,,MG Vets Oil Co,2,0,2019-04-09,2075-12-31,,
_70847029014,MONSTER ENERGY JUICE MANGO LOCO 16z,1085115,1085115,,,,a,601 13A 000,Case,24,,,u,_070847029014,Master,0,0,1900-01-01,2075-12-31,,
_70847029014,,,,,,,,,,,,,,,Franchise,0,0,1900-01-01,2075-12-31,,
_70847029014,,,,,,,,,,,,,,,MG Vets Oil Co,1.42,0,2019-04-09,2075-12-31,,
_70847811169,MONSTER 16z,136194,136194,,,,a,601 13A 000,Case,24,,,u,_060166692488,Master,0,0,1900-01-01,2075-12-31,,
_70847811169,,,,,,,,,,,,,u,_070847811169,Franchise,0,0,1900-01-01,2075-12-31,,
_70847811169,,,,,,,,,,,,,,,MG Vets Oil Co,1.31,0,2019-04-09,2075-12-31,,
_70847811176,MONSTER 4PK 16z,169187,169187,,,,a,601 13A 000,Case,24,,,u,_070847811176,Master,0,0,1900-01-01,2075-12-31,,
_70847811176,,,,,,,,,,,,,,,Franchise,0,0,1900-01-01,2075-12-31,,
_70847811176,,,,,,,,,,,,,,,MG Vets Oil Co,5.67,0,2019-04-09,2075-12-31,,
_70847811213,MONSTER LOCARB 24z,167980,167980,,,,a,601 13A 000,Case,12,,,u,_070847810216,Master,0,0,1900-01-01,2075-12-31,,
_70847811213,,,,,,,,,,,,,u,_070847811213,Franchise,0,0,1900-01-01,2075-12-31,,
_70847811213,,,,,,,,,,,,,,,MG Vets Oil Co,2.14,0,2019-04-09,2075-12-31,,
_70847811244,MONSTER 24z,167979,167979,,,,a,601 13A 000,Case,12,,,u,_070847811244,Master,0,0,1900-01-01,2075-12-31,,
_70847811244,,,,,,,,,,,,,,,Franchise,0,0,1900-01-01,2075-12-31,,
_70847811244,,,,,,,,,,,,,,,MG Vets Oil Co,2.14,0,2019-04-09,2075-12-31,,
_70847811268,MONSTER LOCARB 16z,146230,146230,,,,a,601 13A 000,Case,24,,,u,_070847811268,Master,0,0,1900-01-01,2075-12-31,,
_70847811268,,,,,,,,,,,,,,,Franchise,0,0,1900-01-01,2075-12-31,,
_70847811268,,,,,,,,,,,,,,,MG Vets Oil Co,1.31,0,2019-04-09,2075-12-31,,
_70847811299,MONSTER LOCARB 4PK 16z,169188,169188,,,,a,601 13A 000,Case,24,,,u,_070847811299,Master,0,0,1900-01-01,2075-12-31,,
_70847811299,,,,,,,,,,,,,,,Franchise,0,0,1900-01-01,2075-12-31,,
_70847811299,,,,,,,,,,,,,,,MG Vets Oil Co,5.67,0,2019-04-09,2075-12-31,,
_70847811701,MONSTER ASSAULT 16z,157828,157828,,,,a,601 13A 000,Case,24,,,u,_070847811701,Master,0,0,1900-01-01,2075-12-31,,
_70847811701,,,,,,,,,,,,,u,_708470000758,Franchise,0,0,1900-01-01,2075-12-31,,
_70847811701,,,,,,,,,,,,,,,MG Vets Oil Co,1.31,0,2019-04-09,2075-12-31,,
_70847811749,MONSTER JCE KHAOS 16Z,36008986,36008986,,,,a,601 13A 000,Case,24,,,u,_070847005407,Master,0,0,1900-01-01,2075-12-31,,
_70847811749,,,,,,,,,,,,,,,Franchise,0,0,1900-01-01,2075-12-31,,
_70847811749,,,,,,,,,,,,,,,MG Vets Oil Co,1.31,0,2019-04-09,2075-12-31,,
_70847811763,MONSTER ASSAULT 16z 4PK,36008982,36008982,,,,a,601 13A 000,Case,24,,,u,_070847811763,Master,0,0,1900-01-01,2075-12-31,,
_70847811763,,,,,,,,,,,,,,,Franchise,0,0,1900-01-01,2075-12-31,,
_70847811763,,,,,,,,,,,,,,,MG Vets Oil Co,5.67,0,2019-04-09,2075-12-31,,
_70847811770,MONSTER KHAOS 4PK 16z,32006652,32006652,,,,a,601 13A 000,Case,24,,,u,_070847811770,Master,0,0,1900-01-01,2075-12-31,,
_70847811770,,,,,,,,,,,,,,,Franchise,0,0,1900-01-01,2075-12-31,,
_70847811770,,,,,,,,,,,,,,,MG Vets Oil Co,5.67,0,2019-04-09,2075-12-31,,
_70847811855,MONSTER JCE KHAOS 24Z,36008987,36008987,,,,a,601 13A 000,Case,12,,,u,_070847811855,Master,0,0,1900-01-01,2075-12-31,,
_70847811855,,,,,,,,,,,,,,,Franchise,0,0,1900-01-01,2075-12-31,,
_70847811855,,,,,,,,,,,,,,,MG Vets Oil Co,2.14,0,2019-04-09,2075-12-31,,
_70847811862,MONSTER ASSAULT 24Z,36008983,36008983,,,,a,601 13A 000,Case,12,,,u,_070847811862,Master,0,0,1900-01-01,2075-12-31,,
_70847811862,,,,,,,,,,,,,,,Franchise,0,0,1900-01-01,2075-12-31,,
_70847811862,,,,,,,,,,,,,,,MG Vets Oil Co,2.14,0,2019-04-09,2075-12-31,,
_70847812517,MONSTER JAVA IRISH 15z,175674,175674,,,,a,601 13B 000,Case,12,,,u,_070847812517,Master,0,0,1900-01-01,2075-12-31,,
_70847812517,,,,,,,,,,,,,,,Franchise,0,0,1900-01-01,2075-12-31,,
_70847812517,,,,,,,,,,,,,,,MG Vets Oil Co,1.73,0,2019-04-09,2075-12-31,,
_70847812609,MONSTER JAVA MEAN BEAN 15z,173438,173438,,,,a,601 13B 000,Case,12,,,u,_070847812609,Master,0,0,1900-01-01,2075-12-31,,
_70847812609,,,,,,,,,,,,,u,_070847812814,Franchise,0,0,1900-01-01,2075-12-31,,
_70847812609,,,,,,,,,,,,,,,MG Vets Oil Co,1.73,0,2019-04-09,2075-12-31,,
_70847812678,MONSTER JAVA TOFFEE 15z,175672,175672,,,,a,601 13B 000,Case,12,,,u,_070847812678,Master,0,0,1900-01-01,2075-12-31,,
_70847812678,,,,,,,,,,,,,,,Franchise,0,0,1900-01-01,2075-12-31,,
_70847812678,,,,,,,,,,,,,,,MG Vets Oil Co,1.73,0,2019-04-09,2075-12-31,,
_70847812715,MONSTER JAVA LOCA MOCHA 15z,173435,173435,,,,a,601 13B 000,Case,12,,,u,_070847812715,Master,0,0,1900-01-01,2075-12-31,,
_70847812715,,,,,,,,,,,,,u,_070847812722,Franchise,0,0,1900-01-01,2075-12-31,,
_70847812715,,,,,,,,,,,,,u,_078478127154,MG Vets Oil Co,1.73,0,2019-04-09,2075-12-31,,
_70847812807,MONSTER JAVA KONA BLEND 15z,173433,173433,,,,a,601 13B 000,Case,12,,,u,_070847014119,Master,0,0,1900-01-01,2075-12-31,,
_70847812807,,,,,,,,,,,,,u,_070847812807,Franchise,0,0,1900-01-01,2075-12-31,,
_70847812807,,,,,,,,,,,,,,,MG Vets Oil Co,1.73,0,2019-04-09,2075-12-31,,
_70847812906,MONSTER RIPPER 16z,172786,172786,,,,a,601 13A 000,Case,24,,,u,_070847812906,Master,0,0,1900-01-01,2075-12-31,,
_70847812906,,,,,,,,,,,,,,,Franchise,0,0,1900-01-01,2075-12-31,,
_70847812906,,,,,,,,,,,,,,,MG Vets Oil Co,1.31,0,2019-04-09,2075-12-31,,
_70847813101,MONSTER JAVA VANILLA LT 15z,175673,175673,,,,a,601 13B 000,Case,12,,,u,_070847813101,Master,0,0,1900-01-01,2075-12-31,,
_70847813101,,,,,,,,,,,,,,,Franchise,0,0,1900-01-01,2075-12-31,,
_70847813101,,,,,,,,,,,,,,,MG Vets Oil Co,1.73,0,2019-04-09,2075-12-31,,
_70847814016,MONSTER EXTRA ANTI GRAV 12z,181470,181470,,,,a,601 13A 000,Case,12,,,u,_070847814016,Master,0,0,1900-01-01,2075-12-31,,
_70847814016,,,,,,,,,,,,,,,Franchise,0,0,1900-01-01,2075-12-31,,
_70847814016,,,,,,,,,,,,,,,MG Vets Oil Co,1.31,0,2019-04-09,2075-12-31,,
_70847814047,MONSTER ENERGY DRINK MAXX SUPER DRY 12z,181471,181471,,,,a,601 13A 000,Case,12,,,u,_070847814047,Master,0,0,1900-01-01,2075-12-31,,
_70847814047,,,,,,,,,,,,,,,Franchise,0,0,1900-01-01,2075-12-31,,
_70847814047,,,,,,,,,,,,,,,MG Vets Oil Co,1.31,0,2019-04-09,2075-12-31,,
_70847814504,PEACE TEA GREEN 23z,182854,182854,,,,a,601 14 000,Case,12,,,u,_070847814504,Master,0,0,1900-01-01,2075-12-31,,
_70847814504,,,,,,,,,,,,,,,Franchise,0,0,1900-01-01,2075-12-31,,
_70847814504,,,,,,,,,,,,,,,MG Vets Oil Co,0.8,0,2019-04-09,2075-12-31,,
_70847814528,PEACE TEA LEMON 23z,182855,182855,,,,a,601 14 000,Case,12,,,u,_070847814528,Master,0,0,1900-01-01,2075-12-31,,
_70847814528,,,,,,,,,,,,,,,Franchise,0,0,1900-01-01,2075-12-31,,
_70847814528,,,,,,,,,,,,,,,MG Vets Oil Co,0.8,0,2019-04-09,2075-12-31,,
_70847814542,PEACE TEA RAZZLEBERRY 23z,182858,182858,,,,a,601 14 000,Case,12,,,u,_070847814542,Master,0,0,1900-01-01,2075-12-31,,
_70847814542,,,,,,,,,,,,,,,Franchise,0,0,1900-01-01,2075-12-31,,
_70847814542,,,,,,,,,,,,,,,MG Vets Oil Co,0.8,0,2019-04-09,2075-12-31,,
_70847814603,PEACE TEA TEXAS SWEET 23z,182856,182856,,,,a,601 14 000,Case,12,,,u,_070847814603,Master,0,0,1900-01-01,2075-12-31,,
_70847814603,,,,,,,,,,,,,,,Franchise,0,0,1900-01-01,2075-12-31,,
_70847814603,,,,,,,,,,,,,,,MG Vets Oil Co,0.8,0,2019-04-09,2075-12-31,,
_70847815037,MONSTER 10PK 16z,183975,183975,,,,a,601 13A 000,Case,2,,,u,_070847815037,Master,0,0,1900-01-01,2075-12-31,,
_70847815037,,,,,,,,,,,,,,,Franchise,0,0,1900-01-01,2075-12-31,,
_70847815037,,,,,,,,,,,,,,,MG Vets Oil Co,12.75,0,2019-04-09,2075-12-31,,
_70847815051,MONSTER LOCARB 10PK 16z,32006654,32006654,,,,a,601 13A 000,Case,2,,,u,_070847815051,Master,0,0,1900-01-01,2075-12-31,,
_70847815051,,,,,,,,,,,,,,,Franchise,0,0,1900-01-01,2075-12-31,,
_70847815051,,,,,,,,,,,,,,,MG Vets Oil Co,12.75,0,2019-04-09,2075-12-31,,
_70847819509,MONSTER IMPORT 18.6z,180693,180693,,,,a,601 13A 000,Case,12,,,u,_070847819509,Master,0,0,1900-01-01,2075-12-31,,
_70847819509,,,,,,,,,,,,,,,Franchise,0,0,1900-01-01,2075-12-31,,
_70847819509,,,,,,,,,,,,,,,MG Vets Oil Co,2.14,0,2019-04-09,2075-12-31,,
_74780000703,PERRIER .5L,189485,189485,,,,a,601 11 000,Case,24,,,u,_074780000703,Master,0,0,1900-01-01,2075-12-31,,
_74780000703,,,,,,,,,,,,,,,Franchise,0,0,1900-01-01,2075-12-31,,
_74780000703,,,,,,,,,,,,,,,MG Vets Oil Co,0.83,0,2019-04-09,2075-12-31,,
_74780439961,PERRIER CITRON LEMON LIME .5L,189489,189489,,,,a,601 11 000,Case,24,,,u,_074780439961,Master,0,0,1900-01-01,2075-12-31,,
_74780439961,,,,,,,,,,,,,,,Franchise,0,0,1900-01-01,2075-12-31,,
_74780439961,,,,,,,,,,,,,,,MG Vets Oil Co,0.83,0,2019-04-09,2075-12-31,,
_760712010017,BOYLANS BIRCH BEER 12z,35000237,35000237,,,,a,901 08 010,Case,24,,,u,_760712010017,Master,0,0,1900-01-01,2075-12-31,,
_760712010017,,,,,,,,,,,,,,,Franchise,0,0,1900-01-01,2075-12-31,,
_760712010017,,,,,,,,,,,,,,,MG Vets Oil Co,0.9,0,2019-04-09,2075-12-31,,
_760712040014,BOYLANS BLK CHRY 12z,35000239,35000239,,,,a,901 08 010,Case,24,,,u,_760712040014,Master,0,0,1900-01-01,2075-12-31,,
_760712040014,,,,,,,,,,,,,,,Franchise,0,0,1900-01-01,2075-12-31,,
_760712040014,,,,,,,,,,,,,,,MG Vets Oil Co,0.9,0,2019-04-09,2075-12-31,,
_760712050013,BOYLANS GINGER ALE 12z,35000248,35000248,,,,a,901 08 010,Case,24,,,u,_760712050013,Master,0,0,1900-01-01,2075-12-31,,
_760712050013,,,,,,,,,,,,,,,Franchise,0,0,1900-01-01,2075-12-31,,
_760712050013,,,,,,,,,,,,,,,MG Vets Oil Co,0.9,0,2019-04-09,2075-12-31,,
_760712080010,BOYLANS CREME 12z,35000244,35000244,,,,a,901 08 010,Case,24,,,u,_760712080010,Master,0,0,1900-01-01,2075-12-31,,
_760712080010,,,,,,,,,,,,,,,Franchise,0,0,1900-01-01,2075-12-31,,
_760712080010,,,,,,,,,,,,,,,MG Vets Oil Co,0.9,0,2019-04-09,2075-12-31,,
_760712090019,BOYLANS ROOTBEER 12z,35000253,35000253,,,,a,901 08 010,Case,24,,,u,_760712090019,Master,0,0,1900-01-01,2075-12-31,,
_760712090019,,,,,,,,,,,,,,,Franchise,0,0,1900-01-01,2075-12-31,,
_760712090019,,,,,,,,,,,,,,,MG Vets Oil Co,0.9,0,2019-04-09,2075-12-31,,
_80660956053,CORONA EXTRA 6PK 12z LN,14809,14809,,,,a,401 01 004,Case,24,,,u,_080660000015,Master,0,0,1900-01-01,2075-12-31,,
_80660956053,,,,,,,,,,,,,u,_080660956053,Franchise,0,0,1900-01-01,2075-12-31,,
_80660956053,,,,,,,,,,,,,,,MG Vets Oil Co,6.63,0,2019-04-09,2075-12-31,,
_838128000585,XING TEA CHRY 23.5Z,36009161,36009161,,,,a,601 14 000,Case,12,,,u,_838128000585,Master,0,0,1900-01-01,2075-12-31,,
_838128000585,,,,,,,,,,,,,,,Franchise,0,0,1900-01-01,2075-12-31,,
_838128000585,,,,,,,,,,,,,,,MG Vets Oil Co,0.79,0,2019-04-09,2075-12-31,,
_838128430245,XING TEA GINSENG 23.5Z,36009162,36009162,,,,a,601 14 000,Case,12,,,u,_838128430245,Master,0,0,1900-01-01,2075-12-31,,
_838128430245,,,,,,,,,,,,,,,Franchise,0,0,1900-01-01,2075-12-31,,
_838128430245,,,,,,,,,,,,,,,MG Vets Oil Co,0.79,0,2019-04-09,2075-12-31,,
_838128460242,XING TEA BLUBRY 23.5Z,36009160,36009160,,,,a,601 14 000,Case,12,,,u,_838128460242,Master,0,0,1900-01-01,2075-12-31,,
_838128460242,,,,,,,,,,,,,,,Franchise,0,0,1900-01-01,2075-12-31,,
_838128460242,,,,,,,,,,,,,,,MG Vets Oil Co,0.79,0,2019-04-09,2075-12-31,,
_838128480240,XING TEA PEACH 23.5Z,36009163,36009163,,,,a,601 14 000,Case,12,,,u,_838128480240,Master,0,0,1900-01-01,2075-12-31,,
_838128480240,,,,,,,,,,,,,,,Franchise,0,0,1900-01-01,2075-12-31,,
_838128480240,,,,,,,,,,,,,,,MG Vets Oil Co,0.79,0,2019-04-09,2075-12-31,,
_854651003107,KARMA RASPBERRY GUAVA JACKFRUIT 18z,35000024,35000024,,,,a,601 11A 000,Case,20,,,u,_854651003107,Master,0,0,1900-01-01,2075-12-31,,
_854651003107,,,,,,,,,,,,,,,Franchise,0,0,1900-01-01,2075-12-31,,
_854651003107,,,,,,,,,,,,,,,MG Vets Oil Co,1.45,0,2019-04-09,2075-12-31,,
_854651003145,KARMA ACAI POMEGRANATE 18z,35000018,35000018,,,,a,601 11A 000,Case,20,,,u,_854651003145,Master,0,0,1900-01-01,2075-12-31,,
_854651003145,,,,,,,,,,,,,,,Franchise,0,0,1900-01-01,2075-12-31,,
_854651003145,,,,,,,,,,,,,,,MG Vets Oil Co,1.45,0,2019-04-09,2075-12-31,,
_857074003006,DUST CUTTER LMNDE 16.9Z,36008868,36008868,,,,a,601 12A 000,Case,12,,,u,_857074003006,Master,0,0,1900-01-01,2075-12-31,,
_857074003006,,,,,,,,,,,,,,,Franchise,0,0,1900-01-01,2075-12-31,,
_857074003006,,,,,,,,,,,,,,,MG Vets Oil Co,1.04,0,2019-04-09,2075-12-31,,
_857074003013,DUST CUTTER ICED TEA 16.9Z,36009383,36009383,,,,a,601 14 000,Case,12,,,u,_857074003013,Master,0,0,1900-01-01,2075-12-31,,
_857074003013,,,,,,,,,,,,,,,Franchise,0,0,1900-01-01,2075-12-31,,
_857074003013,,,,,,,,,,,,,,,MG Vets Oil Co,1.04,0,2019-04-09,2075-12-31,,
_857074003020,DUST CUTTER HUCKLEBERRY 16.9Z,36008866,36008866,,,,a,601 12A 000,Case,12,,,u,_857074003020,Master,0,0,1900-01-01,2075-12-31,,
_857074003020,,,,,,,,,,,,,,,Franchise,0,0,1900-01-01,2075-12-31,,
_857074003020,,,,,,,,,,,,,,,MG Vets Oil Co,1.04,0,2019-04-09,2075-12-31,,
_892809000257,PURITY SPRJCE LEM AGAVE 14Z,36009052,36009052,,,,a,601 12 000,Case,12,,,u,_892809000257,Master,0,0,1900-01-01,2075-12-31,,
_892809000257,,,,,,,,,,,,,,,Franchise,0,0,1900-01-01,2075-12-31,,
_892809000257,,,,,,,,,,,,,,,MG Vets Oil Co,2.67,0,2019-04-09,2075-12-31,,
_892809000264,PURITY SPRJCE BEET APL 14Z,36009050,36009050,,,,a,601 12 000,Case,12,,,u,_892809000264,Master,0,0,1900-01-01,2075-12-31,,
_892809000264,,,,,,,,,,,,,,,Franchise,0,0,1900-01-01,2075-12-31,,
_892809000264,,,,,,,,,,,,,,,MG Vets Oil Co,2.67,0,2019-04-09,2075-12-31,,
_892809000271,PURITY SPRJCE KALE CNUT 14Z,36009051,36009051,,,,a,601 12 000,Case,12,,,u,_892809000271,Master,0,0,1900-01-01,2075-12-31,,
_892809000271,,,,,,,,,,,,,,,Franchise,0,0,1900-01-01,2075-12-31,,
_892809000271,,,,,,,,,,,,,,,MG Vets Oil Co,2.67,0,2019-04-09,2075-12-31,,
_892809000325,PURITY SPRJCE ORNG CARROT 14Z,36009053,36009053,,,,a,601 12 000,Case,12,,,u,_892809000325,Master,0,0,1900-01-01,2075-12-31,,
_892809000325,,,,,,,,,,,,,,,Franchise,0,0,1900-01-01,2075-12-31,,
_892809000325,,,,,,,,,,,,,,,MG Vets Oil Co,2.67,0,2019-04-09,2075-12-31,,
_894773001308,ZEVIA COLA 16Z,36000048,36000048,,,,a,Default,Case,12,,,u,_894773001308,Master,0,0,1900-01-01,2075-12-31,,
_894773001308,,,,,,,,,,,,,,,Franchise,0,0,1900-01-01,2075-12-31,,
_894773001308,,,,,,,,,,,,,,,MG Vets Oil Co,0.94,0,2019-04-09,2075-12-31,,
_894773001315,ZEVIA CRM SODA 16Z,36000049,36000049,,,,a,Default,Case,12,,,u,_894773001315,Master,0,0,1900-01-01,2075-12-31,,
_894773001315,,,,,,,,,,,,,,,Franchise,0,0,1900-01-01,2075-12-31,,
_894773001315,,,,,,,,,,,,,,,MG Vets Oil Co,0.94,0,2019-04-09,2075-12-31,,
_894773001322,ZEVIA BLK CHRY 16Z,36000046,36000046,,,,a,Default,Case,12,,,u,_894773001322,Master,0,0,1900-01-01,2075-12-31,,
_894773001322,,,,,,,,,,,,,,,Franchise,0,0,1900-01-01,2075-12-31,,
_894773001322,,,,,,,,,,,,,,,MG Vets Oil Co,0.94,0,2019-04-09,2075-12-31,,
_894773001339,ZEVIA GNGR ROOT BEER 16Z,36000051,36000051,,,,a,Default,Case,12,,,u,_894773001339,Master,0,0,1900-01-01,2075-12-31,,
_894773001339,,,,,,,,,,,,,,,Franchise,0,0,1900-01-01,2075-12-31,,
_894773001339,,,,,,,,,,,,,,,MG Vets Oil Co,0.94,0,2019-04-09,2075-12-31,,
_894773001346,ZEVIA ZERO CAL 16Z,36000054,36000054,,,,a,901 20 000,Case,12,,,u,_894773001346,Master,0,0,1900-01-01,2075-12-31,,
_894773001346,,,,,,,,,,,,,,,Franchise,0,0,1900-01-01,2075-12-31,,
_894773001346,,,,,,,,,,,,,,,MG Vets Oil Co,0.94,0,2019-04-09,2075-12-31,,
_894773001384,ZEVIA GRAPE 16Z,36000052,36000052,,,,a,Default,Case,12,,,u,_894773001384,Master,0,0,1900-01-01,2075-12-31,,
_894773001384,,,,,,,,,,,,,,,Franchise,0,0,1900-01-01,2075-12-31,,
_894773001384,,,,,,,,,,,,,,,MG Vets Oil Co,0.94,0,2019-04-09,2075-12-31,,
_894773001520,ZEVIA GNGR ALE 16Z,36000050,36000050,,,,a,Default,Case,12,,,u,_894773001520,Master,0,0,1900-01-01,2075-12-31,,
_894773001520,,,,,,,,,,,,,,,Franchise,0,0,1900-01-01,2075-12-31,,
_894773001520,,,,,,,,,,,,,,,MG Vets Oil Co,0.94,0,2019-04-09,2075-12-31,,
_894773001872,ZEVIA CHRY COLA 16Z,36000047,36000047,,,,a,Default,Case,12,,,u,_894773001872,Master,0,0,1900-01-01,2075-12-31,,
_894773001872,,,,,,,,,,,,,,,Franchise,0,0,1900-01-01,2075-12-31,,
_894773001872,,,,,,,,,,,,,,,MG Vets Oil Co,0.94,0,2019-04-09,2075-12-31,,
